Source_ID,Parent_Source_ID,Source_Type,Authors,Year,Title,Journal_or_Repository,Volume,Issue,Pages,DOI,URL_or_Identifier,Data_Provided_By,Primary_or_Secondary,Source_Provenance,Source_Citation,Source_Notes,Contributor
SRC0001,,Article,,,,,,,,10.1038/srep22139,https://doi.org/10.1038/srep22139,,,Inherited database,"Sumida, P., Alfaro-Lucas, J., Shimabukuro, M. et al. Deep-sea whale fall fauna from the Atlantic resembles that of the Pacific Ocean. Sci Rep 6, 22139 (2016).",,jmalfarolucas@gmail.com
SRC0002,,Article,,,,,,,,10.1016/j.dsr2.2017.04.011,https://doi.org/10.1016/j.dsr2.2017.04.011,,,Inherited database,"Joan M. Alfaro-Lucas, Maurício Shimabukuro, Giulia D. Ferreira, Hiroshi Kitazato, Yoshihiro Fujiwara, Paulo Y.G. Sumida. 2017. Bone-eating Osedax worms (Annelida: Siboglinidae) regulate biodiversity of deep-sea whale-fall communities. Deep Sea Research Part II: Topical Studies in Oceanography,Volume 146, 4-12",,jmalfarolucas@gmail.com
SRC0003,,Article,,,,,,,,10.1016/j.dsr2.2017.10.013,https://doi.org/10.1016/j.dsr2.2017.10.013,,,Inherited database,"Maurício Shimabukuro, Cinthya S.G. Santos, Joan M. Alfaro-Lucas, Yoshihiro Fujiwara, Paulo Y.G. Sumida. 2017. A new eyeless species of Neanthes (Annelida: Nereididae) associated with a whale-fall community from the deep Southwest Atlantic Ocean. Deep Sea Research Part II: Topical Studies in Oceanography, Volume 146,27-34.",,jmalfarolucas@gmail.com
SRC0004,,Article,,,,,,,,10.1016/j.dsr.2015.12.004,https://doi.org/10.1016/j.dsr.2015.12.004,,,Inherited database,"Camila F. Silva, Maurício Shimabukuro, Joan M. Alfaro-Lucas, Yoshihiro Fujiwara, Paulo Y.G. Sumida, Antonia C.Z. Amaral. 2016. A new Capitella polychaete worm (Annelida: Capitellidae) living inside whale bones in the abyssal South Atlantic. Deep Sea Research Part I: Oceanographic Research Papers,Volume 108,23-31",,jmalfarolucas@gmail.com
SRC0005,,Article,,,,,,,,10.3389/fmars.2019.00478,https://doi.org/10.3389/fmars.2019.00478,,,Inherited database,"Shimabukuro M, Carrerette O, Alfaro-Lucas JM, Rizzo AE, Halanych KM and Sumida PYG (2019) Diversity, Distribution and Phylogeny of Hesionidae (Annelida) Colonizing Whale Falls: New Species of Sirsoe and Connections Between Ocean Basins. Front. Mar. Sci. 6:478",,jmalfarolucas@gmail.com
SRC0006,,Article,,,,,,,,10.1016/j.dsr2.2017.04.003,https://doi.org/10.1016/j.dsr2.2017.04.003,,,Inherited database,"Maurício Shimabukuro, Alexandra E. Rizzo, Joan M. Alfaro-Lucas, Yoshihiro Fujiwara, Paulo Y.G. Sumida,Sphaerodoropsis kitazatoi. 2017.A new species and the first record of Sphaerodoridae (Annelida: Phyllodocida) in SW Atlantic abyssal sediments around a whale carcass, Deep Sea Research Part II: Topical Studies in Oceanography,Volume 146,18-26",,jmalfarolucas@gmail.com
SRC0007,,Article,,,,,,,,10.3897/zookeys.814.28869,https://doi.org/10.3897/zookeys.814.28869,,,Inherited database,"Fujiwara Y, Jimi N, Sumida PYG, Kawato M, Kitazato H (2019) New species of bone-eating worm Osedax from the abyssal South Atlantic Ocean (Annelida, Siboglinidae). ZooKeys 814: 53-69.",,jmalfarolucas@gmail.com
SRC0008,,Article,,,,,,,,10.11646/zootaxa.4568.2.9,https://doi.org/10.11646/zootaxa.4568.2.9,,,Inherited database,"KAZUNORI HASEGAWA, YOSHIHIRO FUJIWARA, TAKASHI OKUTANI, PAULO YUKIO GOMES SUMIDA, MASARU KAWATO, HIROSHI KITAZATO. 2019. A new gastropod associated with a deep-sea whale carcass from São Paulo Ridge, Southwest Atlantic. Zootaxa 4568(2):347-356",,jmalfarolucas@gmail.com
SRC0009,,Article,,,,,,,,10.1093/zoolinnean/zlaa059,https://doi.org/10.1093/zoolinnean/zlaa059,,,Inherited database,"Bruno H M Souza, Flávio D Passos, Maurício Shimabukuro, Paulo Y G Sumida, An integrative approach distinguishes three new species of Abyssochrysoidea (Mollusca: Caenogastropoda) associated with organic falls of the deep south-west Atlantic, Zoological Journal of the Linnean Society, 2020;, zlaa059, https://doi.org/10.1093/zoolinnean/zlaa059",,jmalfarolucas@gmail.com
SRC0010,,Article,,,,,,,,10.1371/journal.pone.0225345,https://doi.org/10.1371/journal.pone.0225345,,,Inherited database,"McClain CR, Nunnally C, Dixon R, Rouse GW, Benfield M (2019) Alligators in the abyss: The first experimental reptilian food fall in the deep ocean. PLoS ONE 14(12): e0225345.",,jmalfarolucas@gmail.com
SRC0011,,Article,,,,,,,,10.1093/mollus/58.4.401,https://doi.org/10.1093/mollus/58.4.401,,,Inherited database,"McLean, 1992. COCCULINIFORM LIMPETS (COCCULINIDAE AND PYROPELTIDAE) LIVING ON WHALE BONE IN THE DEEP SEA OFF CALIFORNIA. Journal of Molluscan Studies 58(4):401-414",,jmalfarolucas@gmail.com
SRC0012,,Article,,,,,,,,10.3389/fmars.2020.00443,https://doi.org/10.3389/fmars.2020.00443,,,Inherited database,"Eilertsen MH, Dahlgren TG and Rapp HT (2020) A New Species of Osedax (Siboglinidae: Annelida) From Colonization Experiments in the Arctic Deep Sea. Front. Mar. Sci. 7:443",,jmalfarolucas@gmail.com
SRC0013,,Article,,,,,,,,10.1080/00364827.1989.10413419,https://doi.org/10.1080/00364827.1989.10413419,,,Inherited database,"Waren, 1988. New and little known mollusca from Iceland. Sarsia 74(1): 1-28",,jmalfarolucas@gmail.com
SRC0014,,Article,,,,,,,,10.1080/00364827.1991.10413466,https://doi.org/10.1080/00364827.1991.10413466,,,Inherited database,"Waren, 1991. New and little known mollusca from Iceland and Scandinavia. Sarsia 76(1-2):53-124",,jmalfarolucas@gmail.com
SRC0015,,Article,,,,,,,,10.1080/00364827.1996.10413622,https://doi.org/10.1080/00364827.1996.10413622,,,Inherited database,"Waren, 1996. New and little known mollusca from Iceland and Scandinavia. Part 3. Sarsia 81(3):197-245",,jmalfarolucas@gmail.com
SRC0016,,Article,"Bolotin, J.; Hrs-Brenko, M.; Tutman, P.; Glavić, N.; Kožul, V.; Skaramuca, B.; Lučić, D.; Dulčić, J.",2005,First record of Idas simpsoni (Mollusca: Bivalvia: Mytilidae) in the Adriatic Sea,Journal of the Marine Biological Association of the United Kingdom,85,4,977–978,10.1017/s0025315405011975,https://doi.org/10.1017/s0025315405011975,,Primary,Inherited database,,,cherisse.persad@gmail.com
SRC0017,,Article,"Pelorce, J. & Poutiers, J.-M.",2009,"Une nouvelle espèce de Bathymodiolinae (Mollusca, Bivalvia, Mytilidae) associée à des os de baleine coulés en Méditerranée",Zoosystema,31,4,975–985,10.5252/z2009n4a11,https://doi.org/10.5252/z2009n4a11,,Primary,Inherited database,,,cherisse.persad@gmail.com
SRC0018,,Article,,,,,,,,,https://bibnum.explore.psl.eu/s/psl/ark:/18469/1k2fd#?c=&m=&s=&cv=282&xywh=737%2C-30%2C3611%2C5333,,,Inherited database,"Dautzenberg, Philippe, 1927. Résultats des campagnes scientifiques accomplies sur son yacht par Albert Ier, Prince Souverain de Monaco [Fascicule 72]. 401",,jmalfarolucas@gmail.com
SRC0019,,Article,,,,,,,,,https://collections.tepapa.govt.nz/document/3403,,,Inherited database,"R.K. Dell, 1995. New species and records of deep-water mollusca from off New Zealand. Tuhinga: Records of the museum of New Zeland Te Papa Tongarewa 2:1-269",,jmalfarolucas@gmail.com
SRC0020,,Article,,,,,,,,10.1093/mollus/53.2.121,https://doi.org/10.1093/mollus/53.2.121,,,Inherited database,"Marshall, 1987. OSTEOPELTIDAE (MOLLUSCA:GASTROPODA): A NEW FAMILY OF LIMPETS ASSOCIATED WITH WHALE BONE IN THE DEEP-SEA. Journal of Molluscan Studies, Volume 53, Issue 2, 121–127",,jmalfarolucas@gmail.com
SRC0021,,Article,,,,,,,,10.1080/03014223.1987.10422691,https://doi.org/10.1080/03014223.1987.10422691,,,Inherited database,"Gibbs, 1987. A new species of Phascolosoma (Sipuncula) associated with a decaying whale's skull trawled at 880 m depth in the South-west Pacific. New Zealand Journal of Zoology, Volume 14(1): 135-137",,jmalfarolucas@gmail.com
SRC0022,,Article,,,,,,,,,https://archive.org/details/biostor-101024/mode/2up,,,Inherited database,"Marshall, 1994. Deep-sea gastropods from the New Zealand region associated with Recent whale bones and an Eocene turtle. The Nautilus 108 (1):1-8",,jmalfarolucas@gmail.com
SRC0023,,Article,,,,,,,,10.1098/rspb.2013.1390,https://doi.org/10.1098/rspb.2013.1390,,,Inherited database,"Glover, Wiklund, Taboada, Avila, Cristobo, Smith, Kemp, Jamison and Dahlgren. 2013. Bone-eating worms from the Antarctic: the contrasting fate of whale and wood remains on the Southern Ocean seafloor. Proceedings of the Royal Society B 280: 20131390.",,jmalfarolucas@gmail.com
SRC0024,,Article,"Amon, D.J.; Wiklund, H.; Dahlgren, T.G.; Copley, J.T.; Smith, C.R.; Jamieson, A.J.; Glover, A.G.",2014,Molecular taxonomy of Osedax (Annelida: Siboglinidae) in the Southern Ocean,Zoologica Scripta,43,,405–417,10.1111/zsc.12057,https://doi.org/10.1111/zsc.12057,,Primary,Inherited database,,,cherisse.persad@gmail.com
SRC0025,,Article,,,,,,,,10.11646/zootaxa.4377.4.1,https://doi.org/10.11646/zootaxa.4377.4.1,,,Inherited database,"Rouse, Greg W.; Goffredi, Shana K.; Johnson, Shannon B.; Vrijenhoek, Robert C. (2018). An inordinate fondness for Osedax (Siboglinidae: Annelida): Fourteen new species of bone worms from California. Zootaxa. 4377(4): 451-489.",,jmalfarolucas@gmail.com
SRC0026,,Article,,,,,,,,10.1126/science.1098650,https://doi.org/10.1126/science.1098650,,,Inherited database,"Rouse, Greg W.; Goffredi, S. K.; Vrijenhoek, R. C. (2004). Osedax: bone-eating marine worms with dwarf males. Science 305: 668-671.",,jmalfarolucas@gmail.com
SRC0027,,Article,,,,,,,,10.2108/zsj.23.733,https://doi.org/10.2108/zsj.23.733,,,Inherited database,"Fujikura, Fujiwara &, Kawato. 2006. A new species of Osedax (Annelida: Siboglinidae) associated with whale carcasses off Kyushu, Japan. Zoological Science, 23(8): 733-740",,jmalfarolucas@gmail.com
SRC0028,,Article,,,,,,,,10.1098/rspb.2005.3275,https://doi.org/10.1098/rspb.2005.3275,,,Inherited database,"Glover, Kallstrom, Smith and Dahlgren. 2005. World-wide whale worms? A new species of Osedax from the shallow north Atlantic. Proceedings of the Royal Society B 272: 2587-2592.",,jmalfarolucas@gmail.com
SRC0029,,Article,,,,,,,,10.1016/j.cub.2014.11.032,https://doi.org/10.1016/j.cub.2014.11.032,,,Inherited database,"Rouse, Greg; Wilson, Nerida; Worsaae, Katrine; Vrijenhoek, Robert. (2015). A Dwarf Male Reversal in Bone-Eating Worms. Current Biology. 25: 236-241.",,jmalfarolucas@gmail.com
SRC0030,,Article,,,,,,,,10.2307/25066661,https://doi.org/10.2307/25066661,,,Inherited database,"Rouse, Worsaae, Johnson, Jones and Vrijenhoek. 2008. Acquisition of Dwarf Male ""Harems"" by Recently Settled Females of Osedax roseus n. sp. (Siboglinidae; Annelida). Biological Bulletin 214: 67-82.",,jmalfarolucas@gmail.com
SRC0031,,Article,,,,,,,,10.1098/rspb.2007.1437,https://doi.org/10.1098/rspb.2007.1437,,,Inherited database,"Jones, Johnson, Rouse Vrijenhoek. 2008. Marine worms (genus Osedax) colonize cow bones. Proceedings of the Royal Society B 275: 387-391.",,jmalfarolucas@gmail.com
SRC0032,,Article,,,,,,,,10.1007/s12526-019-00988-2,https://doi.org/10.1007/s12526-019-00988-2,,,Inherited database,"Shimabukuro, M., Sumida, P.Y.G. Diversity of bone-eating Osedax worms on the deep Atlantic whale falls—bathymetric variation and inter-basin distributions. Mar. Biodivers. 49, 2587–2599 (2019)",,jmalfarolucas@gmail.com
SRC0033,,Article,,,,,,,,,https://www.ncbi.nlm.nih.gov/nuccore/?term=osedax+pradillon,,,Inherited database,Florence pradillon unpublished,,jmalfarolucas@gmail.com
SRC0034,,Article,"Taboada, S.; Wiklund, H.; Glover, A.G.; Dahlgren, T.G.; Cristobo, J.; Avila, C.",2013,Two new Antarctic Ophryotrocha (Annelida: Dorvilleidae) described from shallow-water whale bones,Polar Biology,36,,1031–1045,10.1007/s00300-013-1326-4,https://doi.org/10.1007/s00300-013-1326-4,,Primary,Inherited database,,,cherisse.persad@gmail.com
SRC0035,,Article,,,,,,,,,http://www.jstor.org/stable/25535952,,,Inherited database,"Berrow, Nunn, Flannery and Rogan. 1995. Adula simpsoni (Marshall, 1900) Recorded from a Whale Skull Trawled up off South-West Ireland. The Irish Naturalists' Journal 25(4): 150-151.",,jmalfarolucas@gmail.com
SRC0036,,Article,,,,,,,,,https://archive.org/details/biostor-137111/mode/2up,,,Inherited database,"Marshall, 1900. On a British species of Myrina, with a note on the genus Idas. Journal of Malacology. Pages 167-170.",,jmalfarolucas@gmail.com
SRC0037,,Article,,,,,,,,,https://archive.org/details/biostor-137110/mode/1up,,,Inherited database,"Marshall, 1901. Note on Myrina simpsoni, Marsh. Journal of Malacology. Page 19.",,jmalfarolucas@gmail.com
SRC0038,,Article,,,,,,,,,https://www.biodiversitylibrary.org/item/98719#page/214/mode/1up,,,Inherited database,"Marshall, 1913-1915. Journal of Conchology. Cochologycal Society of Great Britan and Ireland. Vol. XIV. Part VII. Page 182.",,jmalfarolucas@gmail.com
SRC0039,,Article,"Signorelli, J.H. & Crespo, E.",2017,First record of the genus Adipicola (Mollusca: Bivalvia: Mytilidae) and description of a new species from the Argentine SW Atlantic Ocean,Zootaxa,4318,2,325–338,10.11646/zootaxa.4318.2.6,https://doi.org/10.11646/zootaxa.4318.2.6,,Primary,Inherited database,,,cherisse.persad@gmail.com
SRC0040,,Article,"Quéro, J.-C.",1973,"Présence d'Adula simpsoni (Mollusca, Bivalvia, Mytilidae) sur un crâne de Globicephala melaena (Mammalia, Odontoceti, Delphinidae) ramassé au chalut dans le golfe de Gascogne",,,,,,https://gallica.bnf.fr/ark:/12148/bpt6k9602175z/f47.item,,Primary,Inherited database,,,cherisse.persad@gmail.com
SRC0041,,Article,,,,,,,,10.21411/CBM.A.85DC609A,https://doi.org/10.21411/CBM.A.85DC609A,,,Inherited database,"DAHLGREN Thomas G., WIKLUND Helena, KÄLLSTRÖM Björn, LUNDÄLV Tomas, SMITH Craig R., GLOVER Adrian G. A shallow-water whale fall experiment in the north Atlantic. Cah. Biol. Mar. (2006) 47 : 385 - 389.",,jmalfarolucas@gmail.com
SRC0042,,Article,,,,,,,,10.5324/fn.v30i0.632,https://doi.org/10.5324/fn.v30i0.632,,,Inherited database,"Schander, Rapp and Dahlgren. 2010. Osedax mucofloris (Polychaeta, Siboglinidae), a bone-eating marine worm new to Norway. Fauna Norvegica 30: 5-8.",,jmalfarolucas@gmail.com
SRC0043,,Article,,,,,,,,10.11646/zootaxa.2228.1.3,https://doi.org/10.11646/zootaxa.2228.1.3,,,Inherited database,"Wiklund, Glover and Dahlgren. 2009. Three new species of Ophryotrocha (Annelida: Dorvilleidae) from a whale-fall in the North-East Atlantic. Zootaxa 2228(1): 43-56.",,jmalfarolucas@gmail.com
SRC0044,,Article,,,,,,,,10.11646/Zootaxa.3887.5.3,https://doi.org/10.11646/Zootaxa.3887.5.3,,,Inherited database,"Salvo, Wiklund, Dufour, Hamoutene, Pohle and Worsaae. 2014. A new annelid species from whalebones in Greenland and aquaculture sites in Newfoundland: Ophryotrocha cyclops, sp. nov. (Eunicida: Dorvilleidae). Zootaxa 3887(5):555-68.",,jmalfarolucas@gmail.com
SRC0045,,Article,,,,,,,,10.1111/j.1096-3642.2008.00469.x,https://doi.org/10.1111/j.1096-3642.2008.00469.x,,,Inherited database,"Wiklund, Glover, Johannessen and Dahlgren. 2009. Cryptic speciation at organic-rich marine habitats: a new bacteriovore annelid from whale-fall and fish farms in the North-East Atlantic. Zoological Journal of the Linnean Society 155(4):774–785.",,jmalfarolucas@gmail.com
SRC0046,,Article,,,,,,,,10.1080/17451000.2013.793811,https://doi.org/10.1080/17451000.2013.793811,,,Inherited database,"Silvie Danise, Stefano Dominici, Adrian Glover and Thomas Dahlgren. 2014. Molluscs from a shallow-water whale-fall and their affinities with adjacent benthic communities on the Swedish west coast. Marine Biology Research 10 (1): 3-16.",,jmalfarolucas@gmail.com
SRC0047,,Article,,,,,,,,10.5026/jgeography.102.507,https://doi.org/10.5026/jgeography.102.507,,,Inherited database,"Fujioka, Wada and Okano. 1993. Torishima Whale Bone Deep-sea Animal Community Assemblage. Journal of Geography 102 (5): 507-517.",,jmalfarolucas@gmail.com
SRC0048,,Article,,,,,,,,10.1016/j.dsr.2010.04.006,https://doi.org/10.1016/j.dsr.2010.04.006,,,Inherited database,"Lonny Lundsten, Charles K. Paull, Kyra L. Schlining, Mary McGann, William Ussler. 2010. Biological characterization of a whale-fall near Vancouver Island, British Columbia, Canada. Deep Sea Research Part I: Oceanographic Research Papers,Volume 57, Issue 7, 918-922.",,jmalfarolucas@gmail.com
SRC0049,,Article,,,,,,,,,https://flore.unifi.it/retrieve/handle/2158/543057/16307/XXIII%20_%20Tesi%20_%20Danise.pdf,,,Inherited database,"Silvia Danise, 2010. Modern and fossil shallow water whale fall communities. Universita degli Studi di Firenze, 178 pp",,jmalfarolucas@gmail.com
SRC0050,,Article,,,,,,,,10.1371/journal.pone.0140341,https://doi.org/10.1371/journal.pone.0140341,,,Inherited database,"Taboada S, Riesgo A, Bas M, Arnedo MA, Cristobo J, Rouse GW, et al. (2015) Bone-Eating Worms Spread: Insights into Shallow-Water Osedax (Annelida, Siboglinidae) from Antarctic, Subantarctic, and Mediterranean Waters. PLoS ONE 10(11): e0140341.",,jmalfarolucas@gmail.com
SRC0051,,Article,,,,,,,,10.11646/zootaxa.4450.5.4,https://doi.org/10.11646/zootaxa.4450.5.4,,,Inherited database,"Jimi, Fujiwara and Kajihara. 2018.New annelid species from the deepest known whale-fall environment: Bathykermadeca thanatos sp. nov. (Annelida: Polynoidae). Zootaxa 4450(5): 575-580.",,jmalfarolucas@gmail.com
SRC0052,,Article,,,,,,,,10.1098/rspb.2008.0350,https://doi.org/10.1098/rspb.2008.0350,,,Inherited database,"Vrijenhoek, Collins and Van Dover. 2008. Bone-eating marine worms: habitat specialists or generalists? Proceedings of the Royal Society B 275:1963-1964.",,jmalfarolucas@gmail.com
SRC0054,,Article,,,,,,,,10.1007/s12526-019-01034-x,https://doi.org/10.1007/s12526-019-01034-x,,,Inherited database,"Zhou, Y., Wang, Y., Li, Y. et al. First report of Osedax in the Indian Ocean indicative of trans-oceanic dispersal through the Southern Ocean. Mar. Biodivers. 50, 4 (2020).",,jmalfarolucas@gmail.com
SRC0055,,Article,"Lorion, J.; Duperron, S.; Gros, O.; Cruaud, C.; Samadi, S.",2009,Several deep-sea mussels and their associated symbionts are able to live both on wood and on whale falls,Proceedings of the Royal Society B,276,,177–185,10.1098/rspb.2008.1101,https://doi.org/10.1098/rspb.2008.1101,,Primary,Inherited database,,,cherisse.persad@gmail.com
SRC0056,,Article,,,,,,,,10.1016/j.dsr2.2015.07.003,https://doi.org/10.1016/j.dsr2.2015.07.003,,,Inherited database,"Diva J. Amon, Jonathan T. Copley, Thomas G. Dahlgren, Tammy Horton, Kirsty M. Kemp, Alex D. Rogers, Adrian G. Glover. 2017. Observations of fauna attending wood and bone deployments from two seamounts on the Southwest Indian Ridge. Deep Sea Research Part II: Topical Studies in Oceanography, Volume 136, 122-132.",,cherisse.persad@gmail.com
SRC0057,,Article,,,,,,,,10.11646/zootaxa.3637.2.1,https://doi.org/10.11646/zootaxa.3637.2.1,,,Inherited database,"Nye, 2013. New species of hippolytid shrimps (Crustacea: Decapoda: Caridea: Hippolytidae) from a southwest Indian Ocean seamount. Zootaxa 3637(2):101-112.",,jmalfarolucas@gmail.com
SRC0058,,Article,"Amon, D.J.; Glover, A.G.; Wiklund, H.; Marsh, L.; Linse, K.; Rogers, A.D.; Copley, J.T.",2013,The discovery of a natural whale fall in the Antarctic deep sea,Deep-Sea Research Part II,92,,87–96,10.1016/j.dsr2.2013.01.028,https://doi.org/10.1016/j.dsr2.2013.01.028,,Primary,Inherited database,,,cherisse.persad@gmail.com
SRC0059,,Article,,,,,,,,10.1371/journal.pone.0093018,https://doi.org/10.1371/journal.pone.0093018,,,Inherited database,"Linse K, Jackson JA, Malyutina MV, Brandt A (2014) Shallow-Water Northern Hemisphere Jaera (Crustacea, Isopoda, Janiridae) Found on Whale Bones in the Southern Ocean Deep Sea: Ecology and Description of Jaera tyleri sp. nov.. PLoS ONE 9(3): e93018. doi:10.1371/journal.pone.0093018",,jmalfarolucas@gmail.com
SRC0060,,Article,,,,,,,,10.7717/peerj.8089,https://doi.org/10.7717/peerj.8089,,,Inherited database,"Dong D, Xu P, Li X, Wang C. 2019. Munidopsis species (Crustacea: Decapoda: Munidopsidae) from carcass falls in Weijia Guyot, West Pacific, with recognition of a new species based on integrative taxonomy. PeerJ 7:e8089 https://doi.org/10.7717/peerj.8089",,jmalfarolucas@gmail.com
SRC0061,,Article,,,,,,,,10.1111/maec.12217,https://doi.org/10.1111/maec.12217,,,Inherited database,"Ana Hilario, Marina R. Cunha, Luciana Génio, Ana Raquel Marçal, Ascensão Ravara, Clara F. Rodrigues, Helena Wiklund. 2015. First clues on the ecology of whale falls in the deep Atlantic Ocean: results from an experiment using cow carcasses. Marine Ecology, 36: 82-90",,jmalfarolucas@gmail.com
SRC0062,,Article,,,,,,,,10.1080/14772000.2015.1047428,https://doi.org/10.1080/14772000.2015.1047428,,,Inherited database,"Ascensão Ravara, Ana R. Marçal, Helena Wiklund & Ana Hilário (2015): First account on the diversity of Ophryotrocha (Annelida, Dorvilleidae) from a mammal-fall in the deep-Atlantic Ocean with the description of three new species, Systematics and Biodiversity",,jmalfarolucas@gmail.com
SRC0063,,Article,,,,,,,,10.1016/j.dsr2.2016.08.017,https://doi.org/10.1016/j.dsr2.2016.08.017,,,Inherited database,"Queirós, J.P., et al.,Paramytha ossicolasp. nov. (Polychaeta, Ampharetidae) from mammal bones: Reproductivebiology and population structure. Deep-Sea Res. II (2016),",,jmalfarolucas@gmail.com
SRC0064,,Article,,,,,,,,10.11646/zootaxa.4455.1.9,https://doi.org/10.11646/zootaxa.4455.1.9,,,Inherited database,"SHUQIAN ZHANG & SUPING ZHANG, 2018. Cocculina delphinicula sp. nov., a new cocculinid species from whale bone in the East China Sea (Gastropoda: Cocculiniformia). Zootaxa 4455 (1): 189–195",,jmalfarolucas@gmail.com
SRC0065,,Article,,,,,,,,10.1007/s13127-009-0002-6,https://doi.org/10.1007/s13127-009-0002-6,,,Inherited database,"Schwabe, E.; Sellanes, J. (2010). Revision of Chilean bathyal chitons (Mollusca: Polyplacophora) associated with cold-seeps, including description of a new species of Leptochiton (Leptochitonidae). Organisms Diversity & Evolution. 10(1): 31-55",,jmalfarolucas@gmail.com
SRC0066,,Article,,,,,,,,10.1016/j.dsr.2021.103662,https://doi.org/10.1016/j.dsr.2021.103662,,,Inherited database,"Silva, A.P., Colaço, A., Ravara, A., Jakobsen, J., Jakobsen, K., Cuvelier, D. 2021. The first whale fall on the Mid-Atlantic Ridge: Monitoring a year of succession. Deep Sea Research Part I: Oceanographic Research Paper 178: 103662.","Juvenile sperm whale deliberately sunk south of Faial, Azores, in 2015 at 760 m and monitored over seven submersible dives. Full-text confirmation was unavailable; 11 taxonomic units are reported in the inherited record.",cherisse.persad@gmail.com
SRC0067,,Article,,,,,,,,10.1016/j.dsr2.2016.06.008,https://doi.org/10.1016/j.dsr2.2016.06.008,,,Inherited database,"Plum, C., Pradillon, F., Fujiwara, Y., Sarrazin, J. (2017). Copepod colonization of organic and inorganic substrata at a deep-sea hydrothermal vent site on the Mid-Atlantic Ridge. Deep-Sea Research Part II 137: 335-348.",,jmalfarolucas@gmail.com
SRC0068,,Article,,2007,Three-year investigations into sperm whale-fall ecosystems in Japan,Marine Ecology,28,,219–232,10.1111/j.1439-0485.2007.00150.x,https://doi.org/10.1111/j.1439-0485.2007.00150.x,,Primary,Inherited database,,,cherisse.persad@gmail.com
SRC0069,,Article,,,,,,,,10.1086/BBLv229n2p209,https://doi.org/10.1086/BBLv229n2p209,,,Inherited database,"SATO-OKOSHI, W., OKOSHI, K. AND FUJIWARA, Y. (205) New Species of Protodrilus(Annelida, Protodrilidae), Covering Bone Surfaces Bright Red, in Whale-FallEcosystems in the Northwest Pacific. Biological Bulletin 229: 209–219.",,jmalfarolucas@gmail.com
SRC0070,,Article,,,,,,,,10.11646/zootaxa.3271.1.5,https://doi.org/10.11646/zootaxa.3271.1.5,,,Inherited database,"Komai, T. And Fujiwara, Y. (2012). New records of callianassid ghost shrimp (Crustacea: Decapoda: Axiidea) from reducing environments in Kyushu, southwestern Japan. Zootaxa 3271: 55–67.",,jmalfarolucas@gmail.com
SRC0071,,Article,,,,,,,,10.11646/zootaxa.3546.1.5,https://doi.org/10.11646/zootaxa.3546.1.5,,,Inherited database,"Komai, T. And Fujiwara, Y. (2012). Description of a new species of the hippolytid shrimp genus Eualus Thallwitz, 1892 from Japan, and clarification of the status of E. Kikuchii Miyake & Hayashi, 1967 (Crustacea: Decapoda: Caridea). Zootaxa 3546: 68–80.",,jmalfarolucas@gmail.com
SRC0072,,Article,,,,,,,,10.1016/j.dsr.2004.05.009,https://doi.org/10.1016/j.dsr.2004.05.009,,,Inherited database,"Goffredi, S. K., C. K. Paull, K. Fulton-Bennett, L. A. Hurtado, and R. C. Vrijenhoek. (2004). Unusual benthic fauna associated with a whale fall in Monterey Canyon, California. Deep Sea Research Part I: Oceanographic Research Papers 51: 1295–1306.",,jmalfarolucas@gmail.com
SRC0073,,Article,,,,,,,,10.1111/j.1096-3642.2007.00360.x,https://doi.org/10.1111/j.1096-3642.2007.00360.x,,,Inherited database,"PLEIJEL, F., ROUSE, G.W., RUTA, C., WIKLUND, H., NYGREN, A. (2008). Vrijenhoekia balaenophila, a new hesionid polychaete from a whale fall off California. Zoological Journal of the Linnean Society 152(4): 625–634.",,jmalfarolucas@gmail.com
SRC0074,,Article,,,,,,,,10.1086/BBLv219n2p166,https://doi.org/10.1086/BBLv219n2p166,,,Inherited database,"JOHNSON, S.B., WARÉN, A., LEE, R.W., KANO, Y., KAIM, A., DAVIS, A., STRON, E.E., VRIJENHOEK, R.C. (2010). Rubyspira, New Genus and Two New Species of BoneEating Deep-Sea Snails With Ancient Habits. Biological Bulletin 219: 166–177.",,jmalfarolucas@gmail.com
SRC0075,,Article,,,,,,,,10.1080/00222930601121775,https://doi.org/10.1080/00222930601121775,,,Inherited database,"Daly M. and Gusmão, L. (2007). The first sea anemone (Cnidaria: Anthozoa: Actiniaria) from a whale fall. Journal of Natural History 41(1-4): 1-11.",,jmalfarolucas@gmail.com
SRC0076,,Article,,,,,,,,10.1111/j.1744-7410.2009.00176.x,https://doi.org/10.1111/j.1744-7410.2009.00176.x,,,Inherited database,"Braby, C.E., Pearse, V.B., Bain, B.A. and Vrijenhoek, R.C. (2009). Pycnogonid-cnidarian trophic interactions in the deep Monterey Submarine Canyon. Invertebrate Biology 128: 359-363.",,jmalfarolucas@gmail.com
SRC0077,,Article,,,,,,,,10.1651/S-2791.1,https://doi.org/10.1651/S-2791.1,,,Inherited database,"Jones, W.J., Macpherson, E. (2007). Molecular Phylogeny of the East Pacific Squat Lobsters of the Genus Munidopsis (Decapoda: Galatheidae) with the Descriptions of Seven New Species. Journal of Crustacean Biology 27(3): 477–501.",,jmalfarolucas@gmail.com
SRC0078,,Article,,,,,,,,10.2988/0006-324X-126.4.287,https://doi.org/10.2988/0006-324X-126.4.287,,,Inherited database,"Nishi, E. and Rouse, G.W. (2014). First whale fall chaetopterid; a gigantic new species of Phyllochaetopterus (Chaetopteridae: Annelida) from the deep sea off California. Proceedings of the Biological Society of Washington 126(4): 287-298.",,jmalfarolucas@gmail.com
SRC0079,,Article,,,,,,,,10.1071/IS14055,https://doi.org/10.1071/IS14055,,,Inherited database,"Summers, M., Pleijel,.F., Rouse, G.W. (2015). Whale falls, multiple colonisations of the deep, and the phylogeny of Hesionidae (Annelida). Invertebrate Systematics 29: 105–123.",,jmalfarolucas@gmail.com
SRC0080,,Article,,,,,,,,10.1111/zoj.12390,https://doi.org/10.1111/zoj.12390,,,Inherited database,"Watson, C., Carvajal, I.J., Sergeeva, N.G., Pleijel, F. & Rouse, G.W. (2016). Free-living calamyzin chrysopetalids (Annelida) from methane seeps, anoxic basins, and whale falls. Zoological Journal of the Linnean Society, 177, 700–719.",,jmalfarolucas@gmail.com
SRC0081,,Article,,,,,,,,10.1071/is19042,https://doi.org/10.1071/is19042,,,Inherited database,"Yen, N. K., & Rouse, G. W. (2020). Phylogeny, biogeography and systematics of Pacific vent, methane seep, and whale-fall Parougia (Dorvilleidae : Annelida), with eight new species. Invertebrate Systematics 34(2): 200.",,jmalfarolucas@gmail.com
SRC0082,,Article,,,,,,,,10.11646/zootaxa.4526.4.1,https://doi.org/10.11646/zootaxa.4526.4.1,,,Inherited database,"Valdés, A., Lundsten, L., Wilson, N.G. (2018). Five new deep-sea species of nudibranchs (Gastropoda: Heterobranchia: Cladobranchia) from the Northeast Pacific. Zootaxa 4526 (4): 401–433.",,jmalfarolucas@gmail.com
SRC0083,,Article,,,,,,,,10.1016/j.dsr.2010.09.003,https://doi.org/10.1016/j.dsr.2010.09.003,,,Inherited database,"Lundsten, L., Schlining, K.L., Frasier, K., Johnson, S.B., Kuhnz, L.A., Harvey, J., et al. (2010). Time-series analysis of six whale-fall communities in Monterey Canyon, California, USA. Deep Sea Research Part I: Oceanographic Research Papers 57: 1573–1584.",,jmalfarolucas@gmail.com
SRC0084,,Article,,2014,Seven-year enrichment: macrofaunal succession in deep-sea sediments around a 30 tonne whale fall in the Northeast Pacific,Marine Ecology Progress Series,515,,133–149,10.3354/meps10955,https://doi.org/10.3354/meps10955,,Primary,Inherited database,,,cherisse.persad@gmail.com
SRC0085,,Article,,,,,,,,,,,,Inherited database,Craig Smith unpublished data,,jmalfarolucas@gmail.com
SRC0086,,Article,,,,,,,,10.3354/meps14005,https://doi.org/10.3354/meps14005,,,Inherited database,"Young, E.L., Halanych, K.M., Amon, D.J., Altamira, I., Voight, J.R., Higgs, N.D., Smith, C.R. (2022). Depth and substrate type influence community structure and diversity of wood and whale-bone habitats on the deep NE Pacific margin. Marine Ecology Progress Series 687:23-42.",,jmalfarolucas@gmail.com
SRC0087,,Article,,,,,,,,10.1126/science.180.4093.1377,https://doi.org/10.1126/science.180.4093.1377,,,Inherited database,"Turner, R. (1976). Wood-boring bivalves: opportunistic species inthe deep sea. Science 180: 1377-1379.",,jmalfarolucas@gmail.com
SRC0088,,Article,,,,,,,,10.1016/0304-3770(76)90017-6,https://doi.org/10.1016/0304-3770(76)90017-6,,,Inherited database,"Wolff, T. (1976). Utilization of seagrass in the deep sea. Aquatic Botany 2: 161-174.",,jmalfarolucas@gmail.com
SRC0089,,Article,,,,,,,,10.1080/00364827.1979.10411373,https://doi.org/10.1080/00364827.1979.10411373,,,Inherited database,"Wolff, T. (1979), Macrofaunal utilization of plant remains in the deep sea. Sarsia 64: 117-143.",,jmalfarolucas@gmail.com
SRC0090,,Article,,,,,,,,10.2307/3227054,https://doi.org/10.2307/3227054,,,Inherited database,"Leal J.H., and Harasewych M.G. (1999). Deepest Atlantic molluscs: Hadal limpets (Mollusca, Gastropoda, Cocculiniformia) from the northern boundary of the Caribbean plate. Invertebrate Biology 118 (2) : 116-136.",,jmalfarolucas@gmail.com
SRC0091,,Article,,,,,,,,10.1080/03014223.1985.10428301,https://doi.org/10.1080/03014223.1985.10428301,,,Inherited database,"Marshall, B.A. (1985) Recent and Tertiary Cocculinidae and Pseudococculinidae (Mollusca: Gastropoda) from New Zealand and New South Wales. New Zealand Journal of Zoology 12(4), 505-546",,jmalfarolucas@gmail.com
SRC0092,,Article,,,,,,,,10.1080/00222938800770631,https://doi.org/10.1080/00222938800770631,,,Inherited database,"Marshall, B.A. (1988): Skeneidae, Vitrinellidae and Orbitestellidae (Mollusca:Gastropoda) associated with biogenic substrata from bathyal depths off New Zealand and NewSouth Wales. Journal of Natural History 22(4), 949-1004.",,jmalfarolucas@gmail.com
SRC0093,,Article,,,,,,,,10.1080/03014223.1985.10428281,https://doi.org/10.1080/03014223.1985.10428281,,,Inherited database,"Marshall, B.A. (1985). Recent and Tertiary deep-sea limpets of the genus Pectinodonta Dall (Mollusca: Gastropoda) from New Zealand and New South Wales. New Zealand Journal of Zoology 12(2), 273-282.",,jmalfarolucas@gmail.com
SRC0094,,Article,,,,,,,,10.2307/1547940,https://doi.org/10.2307/1547940,,,Inherited database,"Jones, J.B. & Marshall, B.A. (1986). Cocculinika myzorama, New Genus, New Species, a Parasitic Copepod from a Deep-Sea Wood-Ingesting Limpet. Journal of Crustacean Biology 6 (1), 166-169.",,jmalfarolucas@gmail.com
SRC0095,,Article,,,,,,,,10.1080/00288330.1980.9515869,https://doi.org/10.1080/00288330.1980.9515869,,,Inherited database,McKoy (1980). Distribution of shipworms (Bivalvia: Teredinidae) in the New Zealand region. New Zealand Journal of Marine and Freshwater Research 14(3): 263-275.,,jmalfarolucas@gmail.com
SRC0096,,Article,,,,,,,,10.1163/193724086X00415,https://doi.org/10.1163/193724086X00415,,,Inherited database,William and Turner (1986). Squat Lobsters (Galatheidae: Munidopsis) Associated with Mesh-Enclosed Wood Panels Submerged in the Deep Sea. Journal of Crustacean Biology 6(3): 617- 624.,,jmalfarolucas@gmail.com
SRC0097,,Article,,,,,,,,,https://www.biodiversitylibrary.org/item/217531#page/29/mode/1up,,,Inherited database,"Turner (1977). Wood, mollusks and deep sea food chains. Bulletin of the American Malacological Union, Inc., pp 13-19.",,jmalfarolucas@gmail.com
SRC0098,,Article,,,,,,,,,https://www.jstor.org/stable/1485572,,,Inherited database,Maddocks & Steineck (1987). Ostracoda from Experimental Wood-Island Habitats in the Deep Sea. Micropaleontology 33(4): 318-355.,,jmalfarolucas@gmail.com
SRC0099,,Article,,,,,,,,,https://www.biodiversitylibrary.org/page/35607397#page/244/mode/1up,,,Inherited database,Dean (1992). A NEW ARABELLID POLYCHAETE LIVING IN THE MANTLE CAVITY OF DEEP-SEA WOOD BORING BIVALVES (FAMILY PHOLADIDAE). PROCEEDINGS OF THE BIOLOGICAL SOCIETY OF WASHINGTON 105(2):224-232.,,jmalfarolucas@gmail.com
SRC0100,,Article,,,,,,,,,https://www.biodiversitylibrary.org/item/18479#page/64/mode/1up,,,Inherited database,"The Danish Ingolf-Expedition. Copenhagen. Hagerup,1899-1928.",,jmalfarolucas@gmail.com
SRC0101,,Article,,,,,,,,,https://www.biodiversitylibrary.org/page/7477234#page/240/mode/1up,,,Inherited database,"Verrill, A.E. (1884). Second Catalogue of the Mollusca recently added to the fauna of the New England coast, consisting mostly of deep-sea species with notes on others, previously recorded. Transactions of the Connecticut Academy of Arts and Sciences 6: 139-600.",,jmalfarolucas@gmail.com
SRC0103,,Article,,,,,,,,,https://www.biodiversitylibrary.org/page/49956830#page/29/mode/1up,,,Inherited database,"Waren & Carroza (1990). Idas ghisottii sp. n., a new mytilid bivalve associated with sunken wood in the Mediterranean. Bolletino Malacologico 26, 19-24",,jmalfarolucas@gmail.com
SRC0104,,Article,,,,,,,,,https://www.biodiversitylibrary.org/page/49956858#page/57/mode/1up,,,Inherited database,Rocchini (190). Cocculina viminensis n. sp. Bolletino Malacologico 26:1-4,,jmalfarolucas@gmail.com
SRC0106,,Article,,,,,,,,,https://www.biodiversitylibrary.org/page/34571999#page/189/mode/1up,,,Inherited database,"Deam, H.K. (1995). A New Species Of Raricirrus (Polychaeta, Ctenodrilidae) From Wood Collected In The Tongue Of The Ocean, Virgin-Islands. Proceedings of the Biological Society of Washington 108:169-179.",,jmalfarolucas@gmail.com
SRC0107,,Article,,,,,,,,10.2307/1542719,https://doi.org/10.2307/1542719,,,Inherited database,Siatel and Roberts (1997). Bacterial Endosymbionts in the Gills of the Deep-Sea Wood-Boring Bivalves Xylophaga atlantica and Xylophaga washingtona. Biological Bulletin 198(2): 253-261,,jmalfarolucas@gmail.com
SRC0108,,Article,,,,,,,,10.11646/zootaxa.534.1.1,https://doi.org/10.11646/zootaxa.534.1.1,,,Inherited database,"PAWSON, D. L., & VANCE, D. J. (2004). Chiridota heheva, new species, from Western Atlantic deep-sea cold seeps and anthropogenic habitats (Echinodermata: Holothuroidea: Apodida). Zootaxa, 534(1), 1–13.",,jmalfarolucas@gmail.com
SRC0109,,Article,,,,,,,,10.11646/zootaxa.1317.1.1,https://doi.org/10.11646/zootaxa.1317.1.1,,,Inherited database,"Quiroga, Bolanos, Litvaitis (2006). First description of deep-sea polyclad flatworms from the North Pacific: Anocellidus n. gen. profundus n. sp. (Anocellidae, n. fam.) and Oligocladus voightae n. sp. (Euryleptidae). Zootaxa 1317(1): 1-19.",,jmalfarolucas@gmail.com
SRC0110,,Article,,,,,,,,10.1016/0198-0149(87)90091-4,https://doi.org/10.1016/0198-0149(87)90091-4,,,Inherited database,Grassle and Morse-Porteous (1987). Macrofaunal colonization of disturbed deep-sea environments and the structure of deep-sea benthic communities. Deep-Sea Research Part A: Oceanographic Research Papers 34(12): 1917-1950.,,jmalfarolucas@gmail.com
SRC0111,,Article,"Voight, J.R.",2007,Experimental deep-sea deployments reveal diverse Northeast Pacific wood-boring bivalves of Xylophagainae (Myoida: Pholadidae),Journal of Molluscan Studies,73,4,377–391,10.1093/mollus/eym034,https://doi.org/10.1093/mollus/eym034,,Primary,Inherited database,,,cherisse.persad@gmail.com
SRC0112,,Article,,,,,,,,,https://www.biodiversitylibrary.org/page/41113125#page/164/mode/1up,,,Inherited database,"Turner, R. (1954) The family Pholadidae in the western Atlantic and the Eastern Pacific Part I - Pholadinae. Johnsonia 3(33): 1-62.",,jmalfarolucas@gmail.com
SRC0113,,Article,,,,,,,,,https://www.biodiversitylibrary.org/page/3665113#page/327/mode/1up,,,Inherited database,"Turner, R. (1972) Xyloredo: A New Teredinid-like Abyssal Wood-borer (Mollusca, Pholadidae, Xylophagainae). Breviora Museum of Comparative Zoology 397: 1-13.",,jmalfarolucas@gmail.com
SRC0114,,Article,,,,,,,,,https://scholar.google.com/scholar_lookup?title=A%20new%20genus%20and%20species%20of%20deep%20water%20wood-boring%20bivalve%20%28Mollusca%2C%20Pholadidae%2C%20Xylophagainae%29&author=R.D.%20TURNER&publication_year=1972&journal=Basteria&volume=b36&pages=97-104,,,Inherited database,"Turner, R. (1972) A new genus and species of deep water wood-boring bivalve (Mollusca, Pholadidae, Xylophagainae). Basteria 36(2-5): 97-104.",,jmalfarolucas@gmail.com
SRC0115,,Article,,,,,,,,,https://samlinger.snm.ku.dk/en/library/library-of-the-natural-history-museum-of-denmark/galathea-report-1957-2005/,,,Inherited database,"Knudsen, J. (1961). The bathyal and the abyssal Xylophaga (Pholadidae, Bivalvia). Galathea Report 5:163-209.",,jmalfarolucas@gmail.com
SRC0116,,Article,,,,,,,,,https://www.biodiversitylibrary.org/item/121221#page/99/mode/1up,,,Inherited database,"Tipper, R. (1968). Ecological aspects of two wood-boring molluscs from the continental terrace off Oregon. Department of Oceanography, School of Science, Oregon State University.",,jmalfarolucas@gmail.com
SRC0117,,Article,,,,,,,,,https://www.biodiversitylibrary.org/item/111347#page/384/mode/1up,,,Inherited database,"Prashad, B. (1932). The Lamellibranchia of the Siboga Expedition. Systematic Part II. Siboga Expedition 53a:1-125.",,jmalfarolucas@gmail.com
SRC0118,,Article,,,,,,,,,https://www.biodiversitylibrary.org/page/4290707#page/288/mode/1up,,,Inherited database,"Turner, R. (2002). On the subfamily Xylophagainae (family Pholadidae, Bivalvia, Mollusca). Bulletin museum of Comparative Zoology 157(4):223-307.",,jmalfarolucas@gmail.com
SRC0119,,Article,,,,,,,,,https://www.researchgate.net/publication/326232967_Xyloredo_ingolfia_Turner_1972_Bivalvia_Xylophagidae_in_Icelandic_waters,,,Inherited database,"Delongueville and Scaillet (2018). Xyloredo ingolfia Turner, 1972 (Bivalvia: Xylophagidae) in Icelandic waters. Novapex 19(1): 21-27.",,jmalfarolucas@gmail.com
SRC0120,,Article,,,,,,,,,https://www.researchgate.net/publication/272161572_Boring_bivalves_in_the_Arctic_deep_sea_First_record_of_Xylophaga_shells_Mollusca_Bivalvia_Pholadidae_from_the_Greenland_Sea,,,Inherited database,"Schiøtte, T. (2005). Boring Bivalves in the Arctic Deep Sea? First Record of Xylophaga Shells (Mollusca: Bivalvia: Pholadidae) from the Greenland Sea. Deep-Sea Newsletter, 34: 16-17.",,jmalfarolucas@gmail.com
SRC0121,,Article,,,,,,,,,https://www.biodiversitylibrary.org/page/42497696#page/119/mode/1up,,,Inherited database,"Haga, T. & Kase, T. (2007). Redescription of the Deep-sea Wood Borer Neoxylophaga teramachii Taki & Habe, 1950 and its Assignment to the Genus Xyloredo (Bivalvia: Myoida: Pholadoidea) with Comments on Fossil Pholadoidae. The Veliger 50(2): 107-119.",,jmalfarolucas@gmail.com
SRC0122,,Article,,,,,,,,10.5252/z2012n1a8,https://doi.org/10.5252/z2012n1a8,,,Inherited database,"Voight J. And Segonzac, M. (2012). At the bottom of the deep blue sea: a new wood-boring bivalve (Mollusca, Pholadidae, Xylophaga) from the Cape Verde Abyssal Plain (subtropical Atlantic). Zoosystema 34 (1): 171-180.",,jmalfarolucas@gmail.com
SRC0123,,Article,,,,,,,,10.1038/321862a0,https://doi.org/10.1038/321862a0,,,Inherited database,"Baker, A., Rowe, F. & Clark, H. (1986). A new class of Echinodermata from New Zealand. Nature 321: 862–864.",,jmalfarolucas@gmail.com
SRC0124,,Article,,,,,,,,10.1111/j.1744-7410.2006.00048.x,https://doi.org/10.1111/j.1744-7410.2006.00048.x,,,Inherited database,"Mah, C. (2006). A new species of Xyloplax (Echinodermata: Asteroidea: Concentricycloidea) from the northeast Pacific: comparative morphology and a reassessment of phylogeny. Invertebrate Biology 125(2): 136-153.",,jmalfarolucas@gmail.com
SRC0125,,Article,,,,,,,,10.1098/rspb.1988.0032,https://doi.org/10.1098/rspb.1988.0032,,,Inherited database,"Rowe F. W. E., Baker A. N. and Clark H. E. S. (1988). The morphology, development and taxonomic status of Xyloplax Baker, Rowe and Clark (1986) (Echinodermata: Concentricycloidea), with the description of a new species. Proceeding of the Royal Society B 233: 431–459.",,jmalfarolucas@gmail.com
SRC0126,,Article,,,,,,,,10.1093/mollus/eyz003,https://doi.org/10.1093/mollus/eyz003,,,Inherited database,"Voight, J.R., Marshall, B.A., Judge, J., Halanych, K.M., Li, Y., Bernardino, A.F., Grewe, F., Maddox, J.D. (2019) Life in wood: preliminary phylogeny of deep-sea wood-boring bivalves (Xylophagaidae), with descriptions of three new genera and one new species. Journal of Molluscan Studies 85(2): 232–243.",,jmalfarolucas@gmail.com
SRC0127,,Article,,,,,,,,10.3389/fmars.2020.00050,https://doi.org/10.3389/fmars.2020.00050,,,Inherited database,"Voight, J.R., Cooper, J.C. and Lee, R.W. (2020). Stable Isotopic Evidence of Mixotrophy in Xylophagaids, Deep-Sea Wood-Boring Bivalves. Frontiers in Marine Science 7:50.",,jmalfarolucas@gmail.com
SRC0128,,Article,,,,,,,,10.1016/j.crvi.2007.04.001,https://doi.org/10.1016/j.crvi.2007.04.001,,,Inherited database,"Samadi, S. et al. (2007). Molecular phylogeny in mytilids supports the wooden steps to deep-sea vents hypothesis. Comptes Rendus Biologie 330(5): 446-456.",,jmalfarolucas@gmail.com
SRC0129,,Article,,,,,,,,10.1016/j.dsr2.2009.05.032,https://doi.org/10.1016/j.dsr2.2009.05.032,,,Inherited database,"Nishimoto, A., Mito, S., Shirayama, Y. (2009). Organic carbon and nitrogen source of sunken wood communities on continental shelves around Japan inferred from stable isotope ratios. Deep-Sea Research II: topical Studies in Oceanography 56:1683-1688.",,jmalfarolucas@gmail.com
SRC0130,,Article,,,,,,,,10.1007/s00227-009-1266-2,https://doi.org/10.1007/s00227-009-1266-2,,,Inherited database,"Hoyoux, C., Zbinden, M., Samadi, S., Gaill, F., & Compère, P. (2009). Wood-based diet and gut microflora of a galatheid crab associated with Pacific deep-sea wood falls. Marine Biology 156(12): 2421–2439.",,jmalfarolucas@gmail.com
SRC0131,,Article,J. Laurens Barnard,1961,Gammaridean Amphipoda from Depths of 400 to 6000 Meters,Galathea Report,5,,23–128,,https://digit.snm.ku.dk/Documentsonline/GalatheaReports/galathea-vol.05-pp_023-128.pdf,,Primary,Inherited database,,,cherisse.persad@gmail.com
SRC0132,,Article,,,,,,,,10.11646/ZOOTAXA.1558.1.3,https://doi.org/10.11646/ZOOTAXA.1558.1.3,,,Inherited database,"Ng, P.K.L. And Marivene, M.S. (2007). Establishment of the Vultocinidae, a new family for an unusual new genus and new species of Indo-West Pacific crab (Crustacea: Decapoda: Brachyura: Goneplacoidea), with comments on the taxonomy of the Goneplacidae. Zootaxa 1558:39-68.",,jmalfarolucas@gmail.com
SRC0133,,Article,,,,,,,,10.1017/S1755267211000261,https://doi.org/10.1017/S1755267211000261,,,Inherited database,"Gambi, M.C., and Schulze, A. (2011). Record of Lamellibrachia sp. (Annelida: Siboglinidae: Vestimentifera) from a deep shipwreck in the western Mediterranean Sea (Italy). Marine Biodiversity Records 4: E24.",,jmalfarolucas@gmail.com
SRC0134,,Article,,,,,,,,10.1038/356667a0,https://doi.org/10.1038/356667a0,,,Inherited database,"DANDO, P. R., SOUTHWARD, A. F., SOUTHWARD, E. C., DIXON, D. R., CRAWFORD, A., & CRAWFORD. (1992). Shipwrecked tube worms. Nature 356(6371): 667–667.",,jmalfarolucas@gmail.com
SRC0135,,Article,,,,,,,,10.21411/CBM.A.4F92F59D,https://doi.org/10.21411/CBM.A.4F92F59D,,,Inherited database,"Becker P. T., Samadi S., Zbinden M., Hoyoux C., Compère P. & De Ridder C. (2009). First insights into the gut microflora associated with an echinoid from wood falls environments. Cahiers de Biologie Marine 50: 343-352.",,jmalfarolucas@gmail.com
SRC0136,,Article,,,,,,,,10.1080/00222938800770991,https://doi.org/10.1080/00222938800770991,,,Inherited database,"Paterson, G.L.J., and Baker, A.N. (2007). A revision of the genus Ophiambix (Echinodermata: Ophiuroidea) including the description of a new species. Journal of Natural History 22(6): 1579-1590.",,jmalfarolucas@gmail.com
SRC0137,,Article,,,,,,,,,ISSN:0385-2423,,,Inherited database,"Fujita T., Stampanato S. & Jangoux M. (1994). Belyaevostella hyugaensis, a New Species of Deep-sea Asteroid (Asteroidea, Caymanostellidae) found on a Sunken wood from off Southern Japan. Bulletin of the National Science Museum. Series A, Zoology 20: 183-188.",,jmalfarolucas@gmail.com
SRC0138,,Article,,,,,,,,,https://archive.org/details/biostor-166558,,,Inherited database,"Kunze, T., (2011). Dillwynella voightae new species, a new skeneimorph gastropod (Turbinidae) from the western Atlantic and a new record of Dillwynella modesta (Dall, 1889). The Nautilus 125(1): 36-40.",,jmalfarolucas@gmail.com
SRC0139,,Article,,,,,,,,10.1016/j.dsr2.2014.08.001,https://doi.org/10.1016/j.dsr2.2014.08.001,,,Inherited database,"Schwabe, E., et al. (2015). Wood-associated fauna collected during the KuramBio expedition in the North West Paciﬁc. Deep-Sea Research Part II: Topical Studies in Oceanography 111: 376-388.",,jmalfarolucas@gmail.com
SRC0140,,Article,,,,,,,,10.1111/maec.12376,https://doi.org/10.1111/maec.12376,,,Inherited database,"Kano, Y., Takano, T., Schwabe, E., & Warén, A. (2016). Phylogenetic position and systematics of the wood-associate limpet genus Caymanabyssia and implications for ecological radiation into deep-sea organic substrates by lepetelloid gastropods. Marine Ecology 37(5): 1116–1130.",,jmalfarolucas@gmail.com
SRC0141,,Article,,,,,,,,10.1016/j.pocean.2018.12.012,https://doi.org/10.1016/j.pocean.2018.12.012,,,Inherited database,"Jażdżewska, A. M., & Ziemkiewicz, A. (2019). A new abyssal amphipod species (Crustacea) from sunken wood described using integrative taxonomy. Progress in Oceanography 172: 1–13.",,jmalfarolucas@gmail.com
SRC0142,,Article,,,,,,,,10.1016/j.dsr2.2014.09.008,https://doi.org/10.1016/j.dsr2.2014.09.008,,,Inherited database,"Karanovic, I., & Brandão, S. N. (2015). Biogeography of deep-sea wood fall, cold seep and hydrothermal vent Ostracoda (Crustacea), with the description of a new family and a taxonomic key to living Cytheroidea. Deep Sea Research Part II: Topical Studies in Oceanography 111: 76–94.",,jmalfarolucas@gmail.com
SRC0143,,Article,,,,,,,,,https://www.ingentaconnect.com/content/umrsmas/bullmar/1972/00000022/00000004/art00001#,,,Inherited database,"Southward, E. (1972). On some Pogonophora from the Caribbean and the Gulf of Mexico. Bulletin of Marine Science 22(4): 739-776.",,jmalfarolucas@gmail.com
SRC0144,,Article,,,,,,,,10.1080/00364827.1964.1040,https://doi.org/10.1080/00364827.1964.1040,,,Inherited database,"Webb, M. (1964). A new bitentagulate pogonophoran from hardangerfjorden, norway. Sarsia 15(1): 49–56.",,jmalfarolucas@gmail.com
SRC0145,,Article,,,,,,,,10.1017/S1755267210000394,https://doi.org/10.1017/S1755267210000394,,,Inherited database,"Schander, C., Rapp, H., Halanych, K., Kongsrud, J., & Sneli, J. (2010). A case of co-occurrence between Sclerolinum pogonophoran (Siboglinidae: Annelida) and Xylophaga (Bivalvia) from a north-east Atlantic wood-fall. Marine Biodiversity Records 3: E43",,jmalfarolucas@gmail.com
SRC0146,,Article,,,,,,,,10.11646/zootaxa.1445.1.1,https://doi.org/10.11646/zootaxa.1445.1.1,,,Inherited database,"Larsen, K. (2007). Amphipoda (Crustacea; Peracarida) from the Hydrothermal vent system of the Juan De Fuca Ridge, Escabana trough and Gorda ridge, Northeast Pacific. Part I. Lysianassidae and Sebidae. Zootaxa 1445(1): 1-26.",,jmalfarolucas@gmail.com
SRC0147,,Article,,,,,,,,10.1080/00222933.2012.725778,https://doi.org/10.1080/00222933.2012.725778,,,Inherited database,"A.H.S. Tandberg, H.T. Rapp, C. Schander & W. Vader (2013). A new species of Exitomelita (Amphipoda: Melitidae) from a deep-water wood fall in thenorthern Norwegian Sea. Journal of Natural History.",,jmalfarolucas@gmail.com
SRC0148,,Article,,,,,,,,10.18353/crustacea.49.0_61,https://doi.org/10.18353/crustacea.49.0_61,,,Inherited database,"Ariyama and Moritaki (2020). A new species of the genus Bathyceradocus from the Kumano-nada, central Japan (Crustacea: Amphipoda: Maeridae). Crustacean Research, 49: 61–71.",,jmalfarolucas@gmail.com
SRC0149,,Article,,,,,,,,10.1163/156854089X00734,https://doi.org/10.1163/156854089X00734,,,Inherited database,"Kussakin and Malyutina (1989). A New Species of Deep-Sea Marine Borer of the Family Limnoriidae (Isopoda, Flabellifera) From the Okhotsk Sea. Crustaceana 56(1): 8–13.",,jmalfarolucas@gmail.com
SRC0150,,Article,,,,,,,,,https://www.researchgate.net/publication/285743951_Sunken_wood-associated_gastropods_collected_from_Suruga_Bay_Pacific_side_of_the_Central_Honshu_Japan_with_descriptions_of_12_new_species,,,Inherited database,"Hasegawa, K. (1997). Sunken wood-associated gastropods collected from Suruga Bay, Paciﬁc side of the Central Honshu, Japan, with descriptions of 12 new species. National Museum of nature and Science 12: 59-123.",,jmalfarolucas@gmail.com
SRC0151,,Article,"MacIntosh, H.; Voight, J.R.",2021,"Deep-sea wood-boring bivalves (Xylophagaidae) from southeast Australia, with a new species described",Molluscan Research,41,1,16–25,10.1080/13235818.2020.1861681,https://doi.org/10.1080/13235818.2020.1861681,,Primary,Inherited database,,,cherisse.persad@gmail.com
SRC0152,,Article,,,,,,,,,https://www.kahaku.go.jp/research/publication/monograph/download/39/p225-383.pdf,,,Inherited database,"Hasegawa, K. (2009). Upper Bathyal Gastropods of the Pacific Coast of Northern Honshu, Japan, Chiefly Collected by R/V Wakataka-maru. In: Deep-sea Fauna and Pollutants off Pacific Coast of Northern Japan. Eds. T. Fujita. National Museum of Nature and Science Monographs 39: 225-383.",,jmalfarolucas@gmail.com
SRC0153,,Article,,,,,,,,10.1111/j.1744-7410.2012.00267.x,https://doi.org/10.1111/j.1744-7410.2012.00267.x,,,Inherited database,"Rice, M.E., Reichardt, H.F., Piraino, J., Young, C.M. (2012). Reproduction, development, growth, and the length of larval life of Phascolosoma turnerae, a wood-dwelling deep-sea sipunculan. Invertebrate biology 131(3): 204-215.",,jmalfarolucas@gmail.com
SRC0154,,Article,,,,,,,,,https://repository.si.edu/handle/10088/4477,,,Inherited database,"Rice M.E. (1985) Description of a wood dwelling sipunculan, Phascolosoma turnerae, new species. Proceedings of the Biological Society of Washington 98: 54–60.",,jmalfarolucas@gmail.com
SRC0155,,Article,,,,,,,,10.1017/S1755267214000153,https://doi.org/10.1017/S1755267214000153,,,Inherited database,"Saiz, J., Cartes, J., Mamouridis, V., Mecho, A., & Pancucci-Papadopoulou, M. (2014). New records of Phascolosoma turnerae (Sipuncula: Phascolosomatidae) from the Balearic Basin, Mediterranean Sea. Marine Biodiversity Records 7: E16.",,jmalfarolucas@gmail.com
SRC0156,,Article,,,,,,,,10.1111/j.1463-6409.1988.tb00092.x,https://doi.org/10.1111/j.1463-6409.1988.tb00092.x,,,Inherited database,"McLEAN, J.H. (1988). Three new limpets of the family Pseudococculinidae from abyssal depths (Mollusca, Archaeogastropoda). Zoologica Scripta 17: 155-160.",,jmalfarolucas@gmail.com
SRC0157,,Article,,,,,,,,,https://pdfs.semanticscholar.org/d42c/fbafe321f11daeb53cbe9cc77588d786e2f7.pdf?_ga=2.165677496.780280354.1643039392-1843313786.1641842173,,,Inherited database,"McLean, J. And Harasewych, M.G. (1995). REVIEW OF WESTERN ATLANTIC SPECIES OF COCCULINID AND PSEUDOCOCCULINID LIMPETS, WITH DESCRIPTIONS OF NEW SPECIES (GASTROPODA: COCCULINIFORMIA). Contributions in Science 453:1-33. Natural History Museum of Los Angeles County.",,jmalfarolucas@gmail.com
SRC0158,,Article,,,,,,,,,https://research.nhm.org/pdfs/32455/32455.pdf,,,Inherited database,"McLean, J. (1986). Taxonomic descriptions of cocculinid limpets (Mollusca, Archaeogastropoda): two new species and three rediscovered species. Zoologica Scripta 16(4):325-333.",,jmalfarolucas@gmail.com
SRC0159,,Article,,,,,,,,,https://www.biodiversitylibrary.org/page/7477234#page/177/mode/1up,,,Inherited database,"Verrill, A.E. (1884). Second catalogue of Mollusca recently added to the fauna of the New England coast and the adjacent parts of the Atlantic, consisting mostly of deep sea species, with notes on others previously recorded. Transactions of the Connecticut Academy 6:139-294.",,jmalfarolucas@gmail.com
SRC0160,,Article,,,,,,,,,https://www.biodiversitylibrary.org/page/30828055#page/509/mode/1up,,,Inherited database,"Jeffreys, J.G. 1883. On the Mollusca procured during the cruise of H.M.S. Triton, between the Hebrides and Faroes in 1882. Proceedings of the Zoological Society of London 1883:389-399.",,jmalfarolucas@gmail.com
SRC0161,,Article,,,,,,,,10.1093/mollus/60.3.277,https://doi.org/10.1093/mollus/60.3.277,,,Inherited database,"DANTART, L., and LUOUE, A. (1994). COCCULINIFORMIA AND LEPETIDAE (GASTROPODA: ARCHAEOGASTROPODA) FROM IBERIAN WATERS. Journal of Molluscan Studies 60(3): 277–313.",,jmalfarolucas@gmail.com
SRC0162,,Article,,,,,,,,,https://www.biodiversitylibrary.org/page/49956858#page/59/mode/1up,,,Inherited database,"ROCCHINI, R. 1990. Cocculina viminensis n. sp. Bollettino Malacologico 26: 47-52.",,jmalfarolucas@gmail.com
SRC0163,,Article,,,,,,,,,https://www.societaitalianadimalacologia.it/Bollettino/Bollettino%201995/Boll.%20Mal.%201995%209-12.pdf,,,Inherited database,"Warén, A. (1996). Description of Bathysciadium xylophagum Warén & Carrozza, sp. n. And comments on Addisonia excentrica (Tiberi) two Mediterranean cocculiniform gastropods. Bolletino Malacologica 31(9-12): 231-266.",,jmalfarolucas@gmail.com
SRC0164,,Article,,,,,,,,10.2988/0006-324X(2005)118[344:CAPLGC]2.0.CO;2,https://doi.org/10.2988/0006-324X(2005)118[344:CAPLGC]2.0.CO;2,,,Inherited database,"Ardila, N.E. and Harasewych, M.G. (2005). Cocculinid and pseudococculinid limpets (Gastropoda: Cocculiniformia) from off the Caribbean coast of Colombia. Proceedings of the Biological Society of Washington 118(2): 344-366.",,jmalfarolucas@gmail.com
SRC0165,,Article,,,,,,,,10.1111/j.1463-6409.1996.tb00150.x,https://doi.org/10.1111/j.1463-6409.1996.tb00150.x,,,Inherited database,"Haszprunar, G. and McLean, J. (1996). Anatomy and systematics of bathyphytophilid limpets (Mollusca, Archaeogastropoda) from the northeastern Pacific. Zoologica Scripta 25(1):35-49.",,jmalfarolucas@gmail.com
SRC0166,,Article,,,,,,,,10.1111/j.1463-6409.2012.00529.x,https://doi.org/10.1111/j.1463-6409.2012.00529.x,,,Inherited database,"Borda, E., Kudenov, J. D., Bienhold, C., & Rouse, G. W. (2012). Towards a revised Amphinomidae (Annelida, Amphinomida): description and affinities of a new genus and species from the Nile Deep-sea Fan, Mediterranean Sea. Zoologica Scripta 41(3): 307–325.",,jmalfarolucas@gmail.com
SRC0167,,Article,"Bienhold, C.; Pop Ristova, P.; Wenzhöfer, F.; Dittmar, T.; Boetius, A.",2013,How Deep-Sea Wood Falls Sustain Chemosynthetic Life,PLoS ONE,8,1,e53590,10.1371/journal.pone.0053590,https://doi.org/10.1371/journal.pone.0053590,,Primary,Inherited database,,,cherisse.persad@gmail.com
SRC0168,,Article,,,,,,,,10.1016/j.marenvres.2010.02.002,https://doi.org/10.1016/j.marenvres.2010.02.002,,,Inherited database,"Gaudron, S.M., Pradillon, F., Pailleret, M., Duperron, S., Le Bris, N., Gaill, F. (2010). Colonization of organic substrates deployed in deep-sea reducing habitats by symbiotic species and associated fauna. Marine Environmental Research 70(1):1-12.",,jmalfarolucas@gmail.com
SRC0169,,Article,,,,,,,,10.1016/j.ympev.2011.05.019,https://doi.org/10.1016/j.ympev.2011.05.019,,,Inherited database,"Distel, D. L., Amin, M., Burgoyne, A., Linton, E., Mamangkey, G., Morrill, W., Nove, J., Wood, N., Yang, J. (2011). Molecular phylogeny of Pholadoidea Lamarck, 1809 supports a single origin for xylotrophy (wood feeding) and xylotrophic bacterial endosymbiosis in Bivalvia. Molecular Phylogenetics and Evolution 61(2): 245–254.",,jmalfarolucas@gmail.com
SRC0170,,Article,,,,,,,,10.3354/meps06832,https://doi.org/10.3354/meps06832,,,Inherited database,"Tyler, P.A., Young, C.M., Dove, F. (2007). Settlement, growth and reproduction in the deep-sea wood-boring bivalve mollusc Xylophaga depalmai. Marine Ecology Progress Series 343: 151-159.",,jmalfarolucas@gmail.com
SRC0171,,Article,,,,,,,,10.1016/0278-4343(94)90052-3,https://doi.org/10.1016/0278-4343(94)90052-3,,,Inherited database,"Romey, W. L., Bullock, R. C., & Dealteris, J. T. (1994). Rapid growth of a deep-sea wood-boring bivalve. Continental Shelf Research 14(12): 1349–1359.",,jmalfarolucas@gmail.com
SRC0172,,Article,,,,,,,,10.3389/fmars.2015.00010,https://doi.org/10.3389/fmars.2015.00010,,,Inherited database,"Amon DJ, Sykes D, Ahmed F, Copley JT, Kemp KM, Tyler PA, Young CM and Glover AG (2015). Burrow forms, growth rates and feeding rates of wood-boring Xylophagaidae bivalves revealed by micro-computed tomography. Frontiers in Marine Science 2:10.",,jmalfarolucas@gmail.com
SRC0173,,Article,"Young, C. M.; Emson, R. H.; Rice, M. E.; Tyler, P. A.",2013,A paradoxical mismatch of fecundity and recruitment in deep-sea opportunists: Cocculinid and pseudococculinid limpets colonizing vascular plant remains on the Bahamian Slope,Deep-Sea Research Part II: Topical Studies in Oceanography,92,,36–45,10.1016/j.dsr2.2013.01.027,https://doi.org/10.1016/j.dsr2.2013.01.027,,Primary,Published source,,,cherisse.persad@gmail.com
SRC0174,,Article,,,,,,,,10.1111/j.1574-6941.2008.00438.x,https://doi.org/10.1111/j.1574-6941.2008.00438.x,,,Inherited database,"Duperron, S., Laurent, M.C.Z., Gaill, F., Gros, O. (2008). Sulphur-oxidizing extracellular bacteria in the gills of Mytilidae associated with wood falls. FEMS Microbiology Ecology 63(3): 338–349.",,jmalfarolucas@gmail.com
SRC0175,,Article,,,,,,,,10.1016/j.ympev.2010.05.027,https://doi.org/10.1016/j.ympev.2010.05.027,,,Inherited database,"Lorion, J., Buge, B., Cruaud, C.,Samadi, S. (2010). New insights into diversity and evolution of deep-sea Mytilidae (Mollusca: Bivalvia). Molecular Phylogenetics and Evolution 57(1):71-83.",,jmalfarolucas@gmail.com
SRC0176,,Article,,,,,,,,10.11646/ZOOTAXA.3195.1.1,https://doi.org/10.11646/ZOOTAXA.3195.1.1,,,Inherited database,"Sigwart, J. and Sirenko, B. (2012). Deep-sea chitons from sunken wood in the West Pacific (Mollusca: Polyplacophora: Lepidopleurida): taxonomy, distribution, and seven new species. Zootaxa 3195: 1–38.",,jmalfarolucas@gmail.com
SRC0177,,Article,,,,,,,,10.1017/S0025315413000672,https://doi.org/10.1017/S0025315413000672,,,Inherited database,"Kantor, Y., Puillandre, N., Fraussen, K., Fedosov, A., & Bouchet, P. (2013). Deep-water Buccinidae (Gastropoda: Neogastropoda) from sunken wood, vents and seeps: Molecular phylogeny and taxonomy. Journal of the Marine Biological Association of the United Kingdom 93(8): 2177-2195.",,jmalfarolucas@gmail.com
SRC0178,,Article,,,,,,,,10.1111/j.1574-6941.2010.00959.x,https://doi.org/10.1111/j.1574-6941.2010.00959.x,,,Inherited database,"Magali Zbinden, Marie Pailleret, Juliette Ravaux, Sylvie M. Gaudron, Caroline Hoyoux, Josie Lambourdière, Anders Warén, Julien Lorion, Sébastien Halary, Sébastien Duperron. (2010). Bacterial communities associated with the wood-feeding gastropod Pectinodonta sp. (Patellogastropoda, Mollusca). FEMS Microbiology Ecology 74(2): 450–463.",,jmalfarolucas@gmail.com
SRC0179,,Article,,,,,,,,10.1080/17451000.2018.1544421,https://doi.org/10.1080/17451000.2018.1544421,,,Inherited database,"Velásquez, M. & Shipway, J.R. (2018). A new genus and species of deep-sea wood-boring shipworm (Bivalvia: Teredinidae) Nivanteredo coronata n. sp. from the Southwest Pacific. Marine Biology Research 14(8): 1-10.",,jmalfarolucas@gmail.com
SRC0180,,Article,,,,,,,,10.1371/journal.pone.0069680,https://doi.org/10.1371/journal.pone.0069680,,,Inherited database,"Thubaut, J., Corbari, L., Gros, O., Duperron, S., Couloux, A., Samadi, S. (2013). Integrative Biology of Idas iwaotakii (Habe, 1958), a ‘Model Species’ Associated with Sunken Organic Substrates. PLoS ONE 8(7): e69680.",,jmalfarolucas@gmail.com
SRC0181,,Article,,,,,,,,10.1111/j.1439-0485.2006.00149.x,https://doi.org/10.1111/j.1439-0485.2006.00149.x,,,Inherited database,"Pailleret, M., Haga, T., Petit, P., Privé-Gill, C., Saedlou, N., Gaill, F. and Zbinden, M. (2007). Sunken wood from the Vanuatu Islands: identification of wood substrates and preliminary description of associated fauna. Marine Ecology 28: 233-241.",,jmalfarolucas@gmail.com
SRC0182,,Article,,,,,,,,10.1007/s00435-007-0035-3,https://doi.org/10.1007/s00435-007-0035-3,,,Inherited database,"Gros, O., Guibert, J., Gaill, F. (2007). Gill-symbiosis in mytilidae associated with wood fall environments. Zoomorphology 126: 163–172.",,jmalfarolucas@gmail.com
SRC0183,,Article,,,,,,,,10.1371/journal.pone.0102887,https://doi.org/10.1371/journal.pone.0102887,,,Inherited database,"Romano, C., Voight, J.R., Pérez-Portela, R., Martin, D. (2014). Morphological and Genetic Diversity of the Wood-Boring Xylophaga (Mollusca, Bivalvia): New Species and Records from Deep-Sea Iberian Canyons. PLoS ONE 9(7): e102887.",,jmalfarolucas@gmail.com
SRC0184,,Article,,,,,,,,10.1016/j.pocean.2013.07.028,https://doi.org/10.1016/j.pocean.2013.07.028,,,Inherited database,"Romano, C., Voight, J. R., Company, J. B., Plyuscheva, M., & Martin, D. (2013). Submarine canyons as the preferred habitat for wood-boring species of Xylophaga (Mollusca, Bivalvia). Progress in Oceanography 118: 175–187.",,jmalfarolucas@gmail.com
SRC0185,,Article,,,,,,,,10.1111/bij.12431,https://doi.org/10.1111/bij.12431,,,Inherited database,"Rodrigues, C. F., Laming, S. R., Gaudron, S. M., Oliver, G., Le Bris, N., & Duperron, S. (2014). A sad tale: has the small musselIdas argenteuslost its symbionts? Biological Journal of the Linnean Society 114(2): 398–405.",,jmalfarolucas@gmail.com
SRC0186,,Article,,,,,,,,10.1038/s41598-017-17463-2,https://doi.org/10.1038/s41598-017-17463-2,,,Inherited database,"Kalenitchenko, D., Péru, E., Contreira Pereira, L. Petetin, C., Galand, P.E., Le Bris, N. (2018). The early conversion of deep-sea wood falls into chemosynthetic hotspots revealed by in situ monitoring. Scientific Reports 8: 907.",,jmalfarolucas@gmail.com
SRC0187,,Article,,,,,,,,10.3354/meps11510,https://doi.org/10.3354/meps11510,,,Inherited database,"Yamanaka, T., Shimamura, S., Chikaraishi, Y., Haga, T., Fujiwara, Y. (2015). Re-evaluation of nutrient sources for deep-sea wood-boring bivalves using the isotopic composition of bulk C, N, S, and amino acid nitrogen. Marine Ecology Progress Series 540:157-165.",,jmalfarolucas@gmail.com
SRC0188,,Article,,,,,,,,10.1038/s41598-017-04094-w,https://doi.org/10.1038/s41598-017-04094-w,,,Inherited database,"Bernardino, A.F., Li, Y., Smith, C.R., Halanych, K. (2017). Multiple introns in a deep-sea Annelid (Decemunciger: Ampharetidae) mitochondrial genome. Scientific Reports 7: 4295.",,jmalfarolucas@gmail.com
SRC0189,,Article,,,,,,,,10.5852/ejt.2021.736.1251,https://doi.org/10.5852/ejt.2021.736.1251,,,Inherited database,"Ravara A., Wiklund H. & Cunha M.R. (2021). Four new species and further records of Dorvilleidae (Annelida, Polychaeta) from deep-sea organic substrata, NE Atlantic. European Journal of Taxonomy 736: 44–81.",,jmalfarolucas@gmail.com
SRC0190,,Article,,,,,,,,10.5852/ejt.2019.539,https://doi.org/10.5852/ejt.2019.539,,,Inherited database,"Ravara A., Aguado M.T., Rodrigues C.F., Génio L. & Cunha M.R. (2019). Description of a new genus and species of Chrysopetalidae (Annelida: Polychaeta) from the NE Atlantic, with some further records of related species. European Journal of Taxonomy 539: 1–21.",,jmalfarolucas@gmail.com
SRC0191,,Article,,,,,,,,10.1080/14772000.2012.693970,https://doi.org/10.1080/14772000.2012.693970,,,Inherited database,"Wiklund, H., Altamira, I. V., Glover, A. G., Smith, C. R., Baco, A. R., & Dahlgren, T. G. (2012). Systematics and biodiversity ofOphryotrocha(Annelida, Dorvilleidae) with descriptions of six new species from deep-sea whale-fall and wood-fall habitats in the north-east Pacific. Systematics and Biodiversity, 10(2), 243–259.",,jmalfarolucas@gmail.com
SRC0192,,Article,,,,,,,,10.1016/j.dsr.2018.05.005,https://doi.org/10.1016/j.dsr.2018.05.005,,,Inherited database,"Barroso, R., Kudenov, J. D., Halanych, K. M., Saeedi, H., Sumida, P. Y. G., & Bernardino, A. F. (2018). A new species of xylophilic fireworm (Annelida: Amphinomidae: Cryptonome ) from deep-sea wood falls in the SW Atlantic. Deep Sea Research Part I: Oceanographic Research Papers 137: 66–75.",,jmalfarolucas@gmail.com
SRC0193,,Article,,,,,,,,10.15298/invertzool.15.3.04,https://doi.org/10.15298/invertzool.15.3.04,,,Inherited database,"Ivanenko, V.N., Bandera, E., Conradi, M. (2018). A new deep-sea genus of the family Artotrogidae (Copepoda: Siphonostomatoida) from the Gorda Ridge (North Pacific Ocean). Invertebrate Zoology 15(3): 249-266.",,jmalfarolucas@gmail.com
SRC0194,,Article,,,,,,,,10.1007/s12526-016-0570-6,https://doi.org/10.1007/s12526-016-0570-6,,,Inherited database,"Ivanenko, V.N., Arbizu, P.M. (2018). A new deep-sea genus and species of the family Ecbathyriontidae (Copepoda: Siphonostomatoida) from the Gorda Ridge (North Pacific Ocean). Marine Biodiversity 48(1): 195–201.",,jmalfarolucas@gmail.com
SRC0195,,Article,,,,,,,,10.1007/s00114-012-0985-2,https://doi.org/10.1007/s00114-012-0985-2,,,Inherited database,"Rodrigues CF, Cunha MR, Génio L, Duperron S. (2013). A complex picture of associations between two host mussels and symbiotic bacteria in the Northeast Atlantic. Naturwissenschaften 100(1): 21-31.",,jmalfarolucas@gmail.com
SRC0196,,Article,,,,,,,,,https://www.biodiversitylibrary.org/item/134482#page/48/mode/1up,,,Inherited database,"McLean, J.H. (1991). Four new Pseudococculinid limpets collected by the deep-submersible Alvin in th eastern Pacific. The Veliger 34(1): 38-47.",,jmalfarolucas@gmail.com
SRC0197,,Article,,,,,,,,10.11646/zootaxa.4422.3.1,https://doi.org/10.11646/zootaxa.4422.3.1,,,Inherited database,"Sirenko, B. (2018). Taiwanese deep-water chitons (Mollusca: Polyplacophora) and survey of chiton fauna of Taiwan. 4422(3): 301-344.",,jmalfarolucas@gmail.com
SRC0198,,Article,,,,,,,,,https://digit.snm.ku.dk/Documentsonline/GalatheaReports/galathea-vol.11-pp_018-159.pdf,,,Inherited database,"Knudsten, J. (1970). The systematics and biology of abyssal and hadal Bivalvia. Galathea Reports 11: 163-209.",,jmalfarolucas@gmail.com
SRC0199,,Article,,,,,,,,10.1007/s12526-011-0091-2,https://doi.org/10.1007/s12526-011-0091-2,,,Inherited database,"Böggemann, M., Bienhold, C. & Gaudron, S.M. (2012). A new species of Glyceridae (Annelida: “Polychaeta”) recovered from organic substrate experiments at cold seeps in the eastern Mediterranean Sea. Marine Biodiversity 42: 47–54.",,jmalfarolucas@gmail.com
SRC0200,,Article,,,,,,,,10.1371/journal.pone.0076688,https://doi.org/10.1371/journal.pone.0076688,,,Inherited database,"Cunha, M.R., Matos, F.L., Génio, L., Hilário, A., Moura, C.J., Ravara, A., Rodrigues, C. (2013) Are Organic Falls Bridging Reduced Environments in the Deep Sea? Results from Colonization Experiments in the Gulf of Cádiz. PLoS ONE 8(10): e76688.",,jmalfarolucas@gmail.com
SRC0201,,Article,,,,,,,,10.1016/j.dsr.2020.103343,https://doi.org/10.1016/j.dsr.2020.103343,,,Inherited database,"Pereira, O. S., Shimabukuro, M., Bernardino, A. F., & Gomes Sumida, P. Y. (2020). Molecular affinity of Southwest Atlantic Alvinocaris muricola with Atlantic Equatorial Belt populations. Deep Sea Research Part I: Oceanographic Research Papers 163: 103343.",,jmalfarolucas@gmail.com
SRC0202,,Article,,,,,,,,10.3354/meps13541,https://doi.org/10.3354/meps13541,,,Inherited database,"Harbour, R.P., Smith, C.R., Simon-Nutbrown, C., Cecchetto, M., Young, E., Coral, C., Sweetman, A.K. (2021). Biodiversity, community structure and ecosystem function on kelp and wood falls in the Norwegian deep sea. Marine Ecology Progress Series 657: 73-91.",,jmalfarolucas@gmail.com
SRC0203,,Article,,,,,,,,10.1007/s12526-016-0572-4,https://doi.org/10.1007/s12526-016-0572-4,,,Inherited database,"Amon, D.J., Hilario, A., Arbizu, P.M., Smith, C.R. (2017). Observations of organic falls from the abyssal Clarion-Clipperton Zone in the tropical eastern Pacific Ocean. Marine Biodiversity 47, 311–321.",,jmalfarolucas@gmail.com
SRC0204,,Article,,,,,,,,10.1098/rsbl.2018.0294,https://doi.org/10.1098/rsbl.2018.0294,,,Inherited database,"McClain, C.R., Nunnally, C., Chapman, A.S.A., Barry, J.P. (2018). Energetic increases lead to niche packing in deep-sea wood falls. Biology Letters 14: 20180294.",,jmalfarolucas@gmail.com
SRC0205,,Article,,,,,,,,10.1016/j.dsr.2019.01.008,https://doi.org/10.1016/j.dsr.2019.01.008,,,Inherited database,"Saeedi, H., Bernardino, A.F., Shimabukuro, M., Falchetto, G., Sumida, P.Y.G. (2019). Macrofaunal community structure and biodiversity patterns based on a wood-fall experiment in the deep South-west Atlantic. Deep Sea Research Part I: Oceanographic Reserach Papers 145:73-82.",,jmalfarolucas@gmail.com
SRC0206,,Article,,,,,,,,10.1002/ecy.1546,https://doi.org/10.1002/ecy.1546,,,Inherited database,"Judge, J. And Barry, J. (2016). Macroinvertebrate community assembly on deep-sea wood falls in Monterey Bay is strongly influenced by wood type. Ecology 97(11): 3031-3043.",Deadwood 2 comprised 28 wood parcels from 10 plant species at one 3100 m Monterey locality; taxon-by-wood observations are available.,cherisse.persad@gmail.com
SRC0207,,Article,,,,,,,,10.1007/s12526-015-0348-2,https://doi.org/10.1007/s12526-015-0348-2,,,Inherited database,"Zeppilli, D., Vanreusel, A., Pradillon, F., Fuchs, S., Mandon, P., James, T., Sarrazin, J. (2015). Rapid colonisation by nematodes on organic and inorganic substrata deployed at the deep-sea Lucky Strike hydrothermal vent field (Mid-Atlantic Ridge). Marine Biodiversity 45: 489–504.",Lucky Strike B1–B4 are four experimental wood micro-sites. Wood taxon was not reported; the nine-month deployment is treated separately from the Cuvelier experiment.,cherisse.persad@gmail.com
SRC0208,,Article,,,,,,,,,,,,Author-supplied,Alfaro-Lucas et al. unpublished,Unpublished data supplied directly by the authors.,cherisse.persad@gmail.com
SRC0209,,Article,,,,,,,,10.1371/journal.pone.0169906,https://doi.org/10.1371/journal.pone.0169906,,,Inherited database,"Ristova, P.P., Bienhold, C., Wenzhöfer, F., Rossel, P.E., Boetius, A. (2017). Temporal and Spatial Variations of Bacterial and Faunal Communities Associated with Deep-Sea Wood Falls. PLoS ONE 12(1): e0169906.","Douglas-fir deployments are recorded with their reported experiment, site and year.",cherisse.persad@gmail.com
SRC0210,,Article,"Chen, C.; Nomaki, H.",2021,"Noteworthy observations and records of rare bathyal gastropods from unusual habitats in Sagami Bay, Japan",Marine Biodiversity,51,,66,10.1007/s12526-021-01212-w,https://doi.org/10.1007/s12526-021-01212-w,,Primary,Inherited database,,Site and taxon information taken from the primary paper.,cherisse.persad@gmail.com
SRC0211,,Article,,,,,,,,10.1017/S0025315421000862,https://doi.org/10.1017/S0025315421000862,,,Inherited database,"Hookabe N., Jimi N., Yokooka H., Tsuchida S., Fujiwara Y. (2022). Lacydonia shohoensis (Annelida, Lacydoniidae) sp. nov. – a new lacydonid species from deep-sea sunken wood discovered sunken wood discovered at the Nishi-Shichito Ridge, North-western Pacific Ocean. Journal of the Marine Biological Association of the United Kingdom 1–7.","Same wood block at Shoho Seamount, 2042 m, 32°20.854′N, 138°39.472′E, collected 26 November 2020.",cherisse.persad@gmail.com
SRC0212,,Article,,,,,,,,10.1016/j.dsr.2010.03.004,https://doi.org/10.1016/j.dsr.2010.03.004,,,Inherited database,"Bernardino, A.F., Smith, C.R., Baco, A., Altamira, I., Sumida, P.Y.G. 2010. Macrofaunal succession in sediments around kelp and wood falls in the deep NE Paciﬁc and community overlap with other reducing habitats. Deep-Sea Research Part I 57: 708–723.",Santa Cruz Basin experimental Douglas-fir deployment at 1670 m; Appendix 2 provides the detailed wood-sediment macrofauna data.,cherisse.persad@gmail.com
SRC0213,,Article,"Smith, C.R.; Kukert, H.; Wheatcroft, R.A.; Jumars, P.A.; Deming, J.W.",1989,Vent fauna on whale remains,Nature,341,,27–28,10.1038/341027a0,https://doi.org/10.1038/341027a0,,Primary,Inherited database,,,cherisse.persad@gmail.com
SRC0214,,Review,"Smith, C.R. & Baco, A.R.",2003,Ecology of whale falls at the deep-sea floor,Oceanography and Marine Biology: An Annual Review,41,,311–354,,ISBN:9780415254632,,Secondary,Inherited database,,,cherisse.persad@gmail.com
SRC0215,,Article,"Jones, E.G.; Collins, M.A.; Bagley, P.M.; Addison, S.; Priede, I.G.",1998,The fate of cetacean carcasses in the deep sea: observations on consumption rates and succession of scavenging species in the abyssal north-east Atlantic Ocean,Proceedings of the Royal Society B,265,,1119–1127,10.1098/rspb.1998.0407,https://doi.org/10.1098/rspb.1998.0407,,Primary,Inherited database,,,cherisse.persad@gmail.com
SRC0216,,Article,"Kemp, K.M.; Jamieson, A.J.; Bagley, P.M.; McGrath, H.; Bailey, D.M.; Collins, M.A.; Priede, I.G.",2006,"Consumption of large bathyal food fall, a six month study in the NE Atlantic",Marine Ecology Progress Series,310,,65–76,10.3354/meps310065,https://doi.org/10.3354/meps310065,,Primary,Inherited database,,,cherisse.persad@gmail.com
SRC0217,,Article,"Pavlyuk, O.N.; Trebukhova, Y.A.; Tarasov, V.G.",2009,The Impact of Implanted Whale Carcass on Nematode Communities in Shallow Water Area of Peter the Great Bay (East Sea),Ocean Science Journal,44,3,181–188,10.1007/s12601-009-0016-1,https://doi.org/10.1007/s12601-009-0016-1,,Primary,Inherited database,,,cherisse.persad@gmail.com
SRC0218,,Article,,,,,,,,10.1016/j.dsr.2014.04.013,https://doi.org/10.1016/j.dsr.2014.04.013,,,Inherited database,Smith et al. 2014,DOI 10.1016/j.dsr.2014.04.013 refers to the Deep-Sea Research I natural whale-fall paper off Anvers Island and is distinct from the 2014 MEPS paper (10.3354/meps10955).,cherisse.persad@gmail.com
SRC0219,,Article,,,,,,,,10.1371/journal.pone.0096016,https://doi.org/10.1371/journal.pone.0096016,,,Inherited database,Higgs et al. 2014,"Elasmobranch falls (whale shark/rays), not cetacean whale falls; excluded from whale/wood analysis.",cherisse.persad@gmail.com
SRC0220,,Article,,,,,,,,10.1016/j.jembe.2017.03.002,https://doi.org/10.1016/j.jembe.2017.03.002,,,Inherited database,Soltwedel et al. 2018,Experiment used sagittally bisected porpoise carcass halves at 2500 and 5400 m; excluded from whale/wood analysis.,cherisse.persad@gmail.com
SRC0221,,Article,,,,,,,,,,,,Inherited database,"Dean, 1929","Citation reported as 'Dean, 1929' and traced via Berrow et al. (1995); bibliographic identity remains unresolved.",cherisse.persad@gmail.com
SRC0222,,Article,,,,,,,,10.11646/zootaxa.3340.1.4,https://doi.org/10.11646/zootaxa.3340.1.4,,,Inherited database,Taboada et al. 2012,"Experimental minke-whale caudal vertebra from Whalers Bay, Deception Island; included in whale analysis.",cherisse.persad@gmail.com
SRC0223,,Article,,,,,,,,10.1371/journal.pone.0110710,https://doi.org/10.1371/journal.pone.0110710,,,Inherited database,"Anderson and Bell, 2014",Experimental domestic-pig fall; excluded from whale/wood analysis.,cherisse.persad@gmail.com
SRC0224,,Article,,,,,,,,10.1371/journal.pone.0149107,https://doi.org/10.1371/journal.pone.0149107,,,Inherited database,"Anderson and Bell, 2016",Experimental domestic-pig fall; excluded from whale/wood analysis.,cherisse.persad@gmail.com
SRC0225,,Article,,,,,,,,10.3354/meps183139,https://doi.org/10.3354/meps183139,,,Inherited database,"Witte, 1999",Experimental shark carcasses; excluded from whale/wood analysis.,cherisse.persad@gmail.com
SRC0226,,Article,,,,,,,,10.1038/s41598-018-29431-5,https://doi.org/10.1038/s41598-018-29431-5,,,Inherited database,Aguzzi et al. 2018,Experimental juvenile sperm-whale fall in Sagami Bay; included in whale analysis.,cherisse.persad@gmail.com
SRC0227,,Article,,,,,,,,10.1016/j.ecss.2005.02.013,https://doi.org/10.1016/j.ecss.2005.02.013,,,Inherited database,Milessi et al. 2005,Natural whale-remain localities in Chile; year and sulfide details follow the source.,cherisse.persad@gmail.com
SRC0229,,Article,,,,,,,,10.1098/rsbl.2011.0202,https://doi.org/10.1098/rsbl.2011.0202,,,Inherited database,Rouse et al. 2011,Fish-bone experiment; excluded from whale/wood analysis.,cherisse.persad@gmail.com
SRC0230,,Article,,,,,,,,10.1146/annurev-marine-010213-135144,https://doi.org/10.1146/annurev-marine-010213-135144,,,Inherited database,Smith et al. 2015,Review/synthesis used for bibliographic coverage; primary studies provide occurrence evidence.,cherisse.persad@gmail.com
SRC0231,,Article,,,,,,,,10.1111/maec.12257,https://doi.org/10.1111/maec.12257,,,Inherited database,Taboada et al. 2015,"Whale-bone treatment includes 25 recovered samples, 116 positive taxonomic units, 379 positive taxon-by-sample records and 3303 individuals from Appendix S1. Table S1 provides sample, substrate and depth metadata. Pig and cow treatments are classified as animal falls and excluded from whale/wood analysis.",cherisse.persad@gmail.com
SRC0232,,Article,"Bennett, B.A.; Smith, C.R.; Glaser, B.; Maybaum, H.L.",1994,Faunal community structure of a chemoautotrophic assemblage on whale bones in the deep northeast Pacific Ocean,Marine Ecology Progress Series,108,,205–223,10.3354/meps108205,https://doi.org/10.3354/meps108205,,Primary,Published source,,same Santa Catalina event as Smith et al. 1989/1998.,cherisse.persad@gmail.com
SRC0233,,Article,"Smith, C.R.; Maybaum, H.L.; Baco, A.R.; Pope, R.H.; Carpenter, S.D.; Yager, P.L.; Macko, S.A.; Deming, J.W.",1998,"Sediment community structure around a whale skeleton in the deep Northeast Pacific: macrofaunal, microbial and bioturbation effects",Deep-Sea Research Part II,45,,335–364,10.1016/S0967-0645(97)00043-X,https://doi.org/10.1016/S0967-0645(97)00043-X,,Primary,Published source,,Same Santa Catalina event; sediment fauna are recorded separately from bone fauna.,cherisse.persad@gmail.com
SRC0234,,Article,"Chen, C.; Isobe, N.; Nomaki, H.",2023,A deep abyssal natural wood fall in the Northwestern Pacific and its associated fauna,Marine Biology Research,19,10,556–563,10.1080/17451000.2023.2291579,https://doi.org/10.1080/17451000.2023.2291579,,Primary,Published source,,,cherisse.persad@gmail.com
SRC0235,,Article,"De Leo, F.C. et al.",2026,Long-term persistence of a sulphophilic community on a whale fall in the NE Pacific,Frontiers in Marine Science,,,,10.3389/fmars.2026.1770207,https://doi.org/10.3389/fmars.2026.1770207,,Primary,Published source,,,cherisse.persad@gmail.com
SRC0236,,Article,"Wu, Q.; Lin, Y.-T.; Qiu, J.-W.; Xu, M.Y.; Xing, B.P.",2025,"Two new species of Idas (Bivalvia, Mytilidae) from sunken wood in the East China Sea: description, phylogenetic position and symbionts",Zoosystematics and Evolution,101,2,761–778,10.3897/zse.101.142007,https://doi.org/10.3897/zse.101.142007,,Primary,Published source,,,cherisse.persad@gmail.com
SRC0237,,Article,"Tiwari, S.; Watanabe, H.K.; Motomura, Y.; Chen, C. et al.",2026,"Squat lobsters (Decapoda: Anomura: Munidopsidae) from a natural whale fall on Torishima Seamount, Izu-Ogasawara Arc, northwestern Pacific, with the description of a new species",Journal of Crustacean Biology,46,3,ruag049,10.1093/jcbiol/ruag049,https://doi.org/10.1093/jcbiol/ruag049,,Primary,Published source,,,cherisse.persad@gmail.com
SRC0238,,Article,"Shen, Y.; Rouse, G.W.; Tilic, E. et al.",2024,Three new deep-sea wood-associated sea stars from the Eastern Pacific,Zootaxa,5536,3,,10.11646/zootaxa.5536.3.1,https://doi.org/10.11646/zootaxa.5536.3.1,,Primary,Published source,,,cherisse.persad@gmail.com
SRC0239,,Article,"Christodoulou, M.; Mah, C.; Martinez Arbizu, P.",2025,Two new Caymanostella species discovered at deep-sea wood falls in the Clarion Clipperton Fracture Zone,Scientific Reports,15,,17711,10.1038/s41598-025-00753-5,https://doi.org/10.1038/s41598-025-00753-5,,Primary,Published source,,,cherisse.persad@gmail.com
SRC0240,,Article,"McClain, C.R.; Boolukos, C.M.; Bryant, S.R.D.; Hanks, G.",2023,Sunken trees in the deep sea link terrestrial and marine biodiversity,Ecology,104,,e4168,10.1002/ecy.4168,https://doi.org/10.1002/ecy.4168,,Primary,Published source,,,cherisse.persad@gmail.com
SRC0241,,Article,"Watson, C.; Gunton, L.M.; Kupriyanova, E.K.",2024,Three new species of bacterivorous Chrysopetalidae and Microphthalmidae (Annelida) inhabiting a whale fall off eastern Australia,Records of the Australian Museum,76,5,249–264,10.3853/j.2201-4349.76.2024.1905,https://doi.org/10.3853/j.2201-4349.76.2024.1905,,Primary,Published source,,,cherisse.persad@gmail.com
SRC0242,,Article,"Georgieva, M.N.; Wiklund, H.; Ramos, D.A.; Neal, L.; Glasby, C.J.; Gunton, L.M.",2023,The Annelid Community of a Natural Deep-sea Whale Fall off Eastern Australia,Records of the Australian Museum,75,3,167–213,10.3853/j.2201-4349.75.2023.1800,https://doi.org/10.3853/j.2201-4349.75.2023.1800,,Primary,Published source,,,cherisse.persad@gmail.com
SRC0243,,Article,"Bolstad, K.S.R.; Amsler, M.O.; De Broyer, C.; Komoda, M.; Iwasaki, H.",2023,"In-situ observations of an intact natural whale fall in Palmer Deep, Western Antarctic Peninsula",Polar Biology,46,,123–132,10.1007/s00300-022-03109-1,https://doi.org/10.1007/s00300-022-03109-1,,Primary,Published source,,,cherisse.persad@gmail.com
SRC0244,,Article,"Magalhães, W.F.; Hilliard, J.",2022,Two new deep-sea species of Capitella (Annelida: Capitellidae) from sunken wood in the Northeast Pacific,Zootaxa,5125,2,229–240,10.11646/zootaxa.5125.2.7,https://doi.org/10.11646/zootaxa.5125.2.7,,Primary,Published source,,,cherisse.persad@gmail.com
SRC0245,,Article,"Pereira, O.S.; Gonzalez, J.; Mendoza, G.; Le, J.; McNeill, M.; Ontiveros, J.; Lee, R.W.; Rouse, G.W.; Cortés, J.; Levin, L.A.",2022,"Does substrate matter in the deep sea? A comparison of bone, wood, and carbonate rock colonizers",PLOS ONE,17,7,e0271635,10.1371/journal.pone.0271635,https://doi.org/10.1371/journal.pone.0271635,,Primary,Published source,,,cherisse.persad@gmail.com
SRC0246,,Article,"Shimabukuro, M.; Couto, D.M.; Bernardino, A.F.; Souza, B.H.M.; Carrerette, O.; Pellizari, V.H.; Sumida, P.Y.G.",2022,Whale bone communities in the deep Southwest Atlantic Ocean,Deep-Sea Research Part I,190,,103916,10.1016/j.dsr.2022.103916,https://doi.org/10.1016/j.dsr.2022.103916,,Primary,Published source,,,cherisse.persad@gmail.com
SRC0247,,Article,"Hookabe, N.; Moritaki, T.; Jimi, N.; Ueshima, R.",2022,"A new oerstediid discovered from wood falls in the Sea of Kumano, Japan: Description of Rhombonemertes rublinea gen. et sp. nov. (Nemertea: Eumonostilifera)",Zoologischer Anzeiger,301,,154–162,10.1016/j.jcz.2022.10.003,https://doi.org/10.1016/j.jcz.2022.10.003,,Primary,Published source,,,cherisse.persad@gmail.com
SRC0248,,Article,"Berman, G.H.; Hiley, A.S.; Read, G.W.; Rouse, G.W.",2024,New Species of Osedax (Siboglinidae: Annelida) from New Zealand and the Gulf of Mexico,Zootaxa,5443,3,337–352,10.11646/zootaxa.5443.3.2,https://doi.org/10.11646/zootaxa.5443.3.2,,Primary,Published source,,,cherisse.persad@gmail.com
SRC0249,,Article,"Nilsson, C.L.; Wiklund, H.; Glover, A.G.; Bribiesca-Contreras, G.; Dahlgren, T.G.",2024,"A new species of Erinaceusyllis (Annelida: Syllidae) discovered at a wood-fall in the eastern Clarion-Clipperton zone, central Pacific ocean",Deep-Sea Research Part I,214,,104415,10.1016/j.dsr.2024.104415,https://doi.org/10.1016/j.dsr.2024.104415,,Primary,Published source,,"Natural ~70 cm unknown-hardwood piece in NORI-D CCZ area, 4292 m; 78 E. simonlledoi collected.",cherisse.persad@gmail.com
SRC0250,,Article,"Bao, Z.; Chen, B.; Yu, K.; Wei, Y.; Liang, X.; Yao, H.; Liao, X.; Xie, W.; Yin, K.",2025,"Microbiome dynamics and functional profiles in deep-sea wood-fall micro-ecosystem: insights into drive pattern of community assembly, biogeochemical processes, and lignocellulose degradation",Applied and Environmental Microbiology,91,1,,10.1128/aem.02165-24,https://doi.org/10.1128/aem.02165-24,,Primary,Published source,,,cherisse.persad@gmail.com
SRC0251,,Article,"Oya, Y.; Moritaki, T.; Tsuyuki, A.",2024,"Description of a new species of Pericelis (Polycladida, Diposthidae) from sunken wood in the bathyal zone in Japan",Journal of the Marine Biological Association of the United Kingdom,104,,"e12, 1–7",10.1017/S0025315424000092,https://doi.org/10.1017/S0025315424000092,,Primary,Published source,,Two individuals observed on sunken wood trawled off Owase at 330 m; one captured/holotype and one photographed.,cherisse.persad@gmail.com
SRC0252,,Article,"McClain, C.R.; Bryant, S.R.D.; Hanks, G.; Byrnes, J.",2023,Disentangling mechanisms of species–energy relationships in experimental deep-sea wood falls,Ecosphere,14,10,e4667,10.1002/ecs2.4667,https://doi.org/10.1002/ecs2.4667,,Primary,Published source,,,cherisse.persad@gmail.com
SRC0253,,Review,"McClain, C.R. et al.",2025,The Hidden Forests Below: A Review of the Ecology and Evolution of Wood Falls on the Deep Seafloor,Marine Ecology,,,,10.1111/maec.70008,https://doi.org/10.1111/maec.70008,,Secondary,Published source,,Review/synthesis; occurrence evidence is linked to the primary studies.,cherisse.persad@gmail.com
SRC0255,,Article,"Peng, X. et al.",2026,A 5.3-million-year-old deep-sea whale necropolis in the Diamantina Zone,Nature,654,,978–983,10.1038/s41586-026-10546-z,https://doi.org/10.1038/s41586-026-10546-z,,Primary,Published source,,,cherisse.persad@gmail.com
SRC0256,,Article,"McClain, C.R.; Genung, M.; Boolukos, C.M.; Bryant, S.R.D.; Hanks, G.W.; Hiley, A.S.; Junker, J.R.; Manlick, P.J.; Nunnally, C.; Romano, C.; Rouse, G.W.; Whiteman, J.P.; Newsome, S.D.",2026,"Abundance and Functional Roles, Not Richness, Govern Wood-Fall Degenerative Ecosystem Function in the Deep Sea",The American Naturalist,208,3,,10.1086/741526,https://doi.org/10.1086/741526,,Primary,Published source,,,cherisse.persad@gmail.com
SRC0257,,Article,"Neal, L.; Wiklund, H.; Smith, C.R.; Benn, A.; Kemp, K.; Dahlgren, T.G.; Glover, A.G.",2026,"New Species of Macellicephala McIntosh, 1885 (Annelida, Polynoidae), Associated with the Reef Stage of a Whale Fall",Taxonomy,6,,30,10.3390/taxonomy6020030,https://doi.org/10.3390/taxonomy6020030,,Primary,Published source,,"Four type specimens collected from a cladorhizid sponge attached to the Santa Catalina whale scapula; source coordinates 33°11.72 N, 118°29.46 W, 1244 m.",cherisse.persad@gmail.com
SRC0258,,Article,Marco Taviani; Paolo Montagna; Andrew M. Hosie; Giorgio Castellan; Catherine Kemper; Federica Foglini; Malcom McCulloch; Julie Trotter,2024,Whale fall chemosymbiotic communities in a southwest Australian submarine canyon fill a distributional gap,Heliyon,10,,e29206,10.1016/j.heliyon.2024.e29206,https://doi.org/10.1016/j.heliyon.2024.e29206,,Primary,Published source,,Conflicting source date for S0315 reported.,cherisse.persad@gmail.com
SRC0259,,Article,Thammy Gularte; Paulo Y. G. Sumida; Gilberto Bergamo; Greg W. Rouse,2024,"Description of a new Osedax (Annelida, Polychaeta, Siboglinidae) species colonizing cow bones in the South Atlantic Ocean",ZooKeys,1219,,215–231,10.3897/zookeys.1219.134005,https://doi.org/10.3897/zookeys.1219.134005,,Primary,Published source,,Non-target organic-fall source; excluded from whale/wood analysis.,cherisse.persad@gmail.com
SRC0260,,Article,Craig R. McClain; James P. Barry; Thomas J. Webb,2018,Increased energy differentially increases richness and abundance of optimal body sizes in deep-sea wood falls,Ecology,99,1,184–195,10.1002/ecy.2055,https://doi.org/10.1002/ecy.2055,,Primary,Published source,,Same 32-log Station Deadwood experiment as EVT0948; contributes additional site-level taxon records.,cherisse.persad@gmail.com
SRC0261,,Article,Craig McClain; James Barry,2014,Beta-diversity on deep-sea wood falls reflects gradients in energy availability,Biology Letters,10,4,20140129,10.1098/rsbl.2014.0129,https://doi.org/10.1098/rsbl.2014.0129,,Primary,Published source,,Same Station Deadwood experiment; the paper reports 18 recoveries whereas the supplied Dryad table contains 16 rows.,cherisse.persad@gmail.com
SRC0262,,Article,Craig R. McClain et al.,2016,Multiple processes generate productivity–diversity relationships in experimental wood-fall communities,Ecology,97,,,10.1890/15-1669.1,https://doi.org/10.1890/15-1669.1,,Primary,Published source,,Same Station Deadwood experiment; the full 32-log species matrix was not available in the supplied repository material.,cherisse.persad@gmail.com
SRC0263,,Article,Thomas J. Webb; James P. Barry; Craig R. McClain,2017,Abundance–occupancy relationships in deep sea wood fall communities,Ecography,40,11,1339–1347,10.1111/ecog.02618,https://doi.org/10.1111/ecog.02618,,Primary,Published source,,Same 32-log Station Deadwood experiment as EVT0948.,cherisse.persad@gmail.com
SRC0264,SRC0246,Unpublished author-supplied dataset,,,Data Whale bone and Wood BioSuOr,Author-supplied dataset,,,,,,Author-supplied data,Primary / unpublished original evidence,Author-supplied,,,cherisse.persad@gmail.com
SRC0265,,Thesis,Jessica Pruitt,2021,"Phylogeny of Ophryotrocha (Annelida Dorvilleidae) revisited, with description of six new species from eastern Pacific seeps and whalefalls",University of California San Diego,,,,,https://escholarship.org/uc/item/7b37p6md,,Primary,Published source,,Names are reported in the thesis; WoRMS acceptance was not inferred.,cherisse.persad@gmail.com
SRC0266,,Article,"Thomas, E.A. et al.",2020,Chiridota heheva—the cosmopolitan holothurian,Marine Biodiversity,50,,110,10.1007/s12526-020-01128-x,https://doi.org/10.1007/s12526-020-01128-x,,Secondary/synthesis,Published source,,"Collates specimen records from vents, seeps and organic falls; primary organic-fall studies provide the occurrence evidence.",cherisse.persad@gmail.com
SRC0267,,Article,"Thomas, E.A. et al.",2022,New evidence for a cosmopolitan holothurian species at deep-sea reducing environments,Marine Biodiversity,,,,10.1007/s12526-022-01298-w,https://doi.org/10.1007/s12526-022-01298-w,,Secondary/update,Published source,,Chiridota synonymy remains unresolved because authoritative taxonomic acceptance was unavailable.,cherisse.persad@gmail.com
SRC0268,,Article,"Yin, K.; Zhang, D.; Xie, W.",2023,Experimental Whale Falls in the South China Sea,Ocean-Land-Atmosphere Research,2,,0005,10.34133/olar.0005,https://doi.org/10.34133/olar.0005,,Primary/News & Views,Published source,,"Experiments used three cow carcasses at 650, 1600 and 3400 m; treated as animal falls rather than whale falls.",cherisse.persad@gmail.com
SRC0269,,Article,"Xie, W.; Zhou, Y.; Wang, C.; Lu, B.; Cui, R.; Zhang, D.; Yin, K.",2023,First observed dolphin fall in the South China Sea: Implications for the biogeography,Deep Sea Research Part I,196,,104026,10.1016/j.dsr.2023.104026,https://doi.org/10.1016/j.dsr.2023.104026,,Primary,Published source,,1.8 m dolphin fall at Zhongnan Seamount; classified as an animal fall and excluded from whale/wood analysis.,cherisse.persad@gmail.com
SRC0270,,Article,"Amano, K. et al.",2005,"Miocene whale-fall community from Hokkaido, northern Japan","Palaeogeography, Palaeoclimatology, Palaeoecology",215,3–4,345–356,10.1016/j.palaeo.2004.10.003,https://doi.org/10.1016/j.palaeo.2004.10.003,,Primary palaeontological,Published source,,Middle Miocene fossil community from Hokkaido; excluded from contemporary connectivity analyses.,cherisse.persad@gmail.com
SRC0271,,Article,"SOSA; Chen, C.; Frank, H.; Kraniotis, L.; Nakadera, Y.; Schwabe, E.; Sigwart, J.D.; Trautwein, B.; Vončina, K.",2026,"Ocean Species Discoveries 28–30 — new species of chitons (Mollusca, Polyplacophora) and a public naming competition",Biodiversity Data Journal,14,,e180491,10.3897/BDJ.14.e180491,https://doi.org/10.3897/BDJ.14.e180491,,Primary,Published source,,,cherisse.persad@gmail.com
SRC0272,,Article,"Corbari, L.; Sorbe, J.-C.",2015,"Papuadocus blodiwai gen. nov., sp. nov. (Crustacea: Amphipoda: Maeridae), a new bathyal species associated with sunken wood in the Bismarck Sea (Papua New Guinea)",Zootaxa,3914,4,406–420,10.11646/zootaxa.3914.4.2,https://doi.org/10.11646/zootaxa.3914.4.2,,Primary,Published source,,,cherisse.persad@gmail.com
SRC0273,,Article,"Dilman, A.B.; Minin, K.V.; Petrov, N.B.",2022,"New record of the wood-associated sea star Caymanostella, with notes on the phylogenetic position of the family Caymanostellidae (Asteroidea)",Zoological Journal of the Linnean Society,194,,14–35,,,,Primary,Published source,,,cherisse.persad@gmail.com
SRC0274,,Article,"Giribet, G.; Trimble, J.W.; Rodríguez-Flores, P.; Lord, A.",2026,"A new deep-sea Pectinodonta species (Mollusca, Gastropoda, Patellogastropoda, Pectinodontidae) from a wood fall near Johnston Atoll, Central Pacific",Molluscan Research,46,1,25–41,10.1080/13235818.2025.2578245,https://doi.org/10.1080/13235818.2025.2578245,,Primary,Published source,,,cherisse.persad@gmail.com
SRC0275,,Article,"Komai, T.; Tsuchida, S.; Fujiwara, Y.",2025,"Squat lobsters of the genus Munidopsis Whiteaves, 1874 (Decapoda: Anomura: Munidopsidae) from seamounts on the Nishi-Shichito and Mariana ridges, north-west Pacific off Japan, with descriptions of two new species",Zootaxa,5633,3,485–512,10.11646/zootaxa.5633.3.4,https://doi.org/10.11646/zootaxa.5633.3.4,Interlibrary loan,Primary,Author-supplied,,,cherisse.persad@gmail.com
SRC0276,,Article,"Dahlgren, T.G.; Glover, A.G.; Baco, A.R.; Smith, C.R.",2004,Fauna of whale falls: systematics and ecology of a new polychaete (Annelida: Chrysopetalidae) from the deep Pacific Ocean,Deep-Sea Research Part I: Oceanographic Research Papers,51,12,1873–1887,10.1016/j.dsr.2004.07.017,https://doi.org/10.1016/j.dsr.2004.07.017,,Primary,Published source,,,cherisse.persad@gmail.com
SRC0277,,Article,"Braby, C.E.; Rouse, G.W.; Johnson, S.B.; Jones, W.J.; Vrijenhoek, R.C.",2007,"Bathymetric and temporal variation among Osedax boneworms and associated megafauna on whale-falls in Monterey Bay, California",Deep-Sea Research Part I: Oceanographic Research Papers,54,10,1773–1791,10.1016/j.dsr.2007.05.014,https://doi.org/10.1016/j.dsr.2007.05.014,,Primary,Published source,,,cherisse.persad@gmail.com
SRC0278,,Article,"Nishikawa, T.",2004,"A new deep-water lancelet (Cephalochordata) from off Cape Nomamisaki, SW Japan, with a proposal of the revised system recovering the genus Asymmetron",Zoological Science,21,11,1131–1136,10.2108/zsj.21.1131,https://doi.org/10.2108/zsj.21.1131,,Primary,Published source,,,cherisse.persad@gmail.com
SRC0279,,Article,"Kon, T.; Nohara, M.; Yamanoue, Y.; Fujiwara, Y.; Nishida, M.; Nishikawa, T.",2007,Phylogenetic position of a whale-fall lancelet (Cephalochordata) inferred from whole mitochondrial genome sequences,BMC Evolutionary Biology,7,,127,10.1186/1471-2148-7-127,https://doi.org/10.1186/1471-2148-7-127,,Primary,Published source,,,cherisse.persad@gmail.com
SRC0280,,Online database,,,World Register of Marine Species (WoRMS),World Register of Marine Species,,,,,https://www.marinespecies.org,,Reference database,Taxonomic reference,,,cherisse.persad@gmail.com
