Site_ID,Fall_Type,Site_Name,Latitude,Longitude,Ocean,Region,Verbatim_Basin,Assigned_Basin
SITE0001,Whale,São Paulo Ridge,-28.5186516666666,-41.6568283333333,South Atlantic,SW Atlantic,South Atlantic,Atlantic
SITE0003,Whale,off São Paulo,-28.0285,-43.5296666666666,South Atlantic,SW Atlantic,South Atlantic,Atlantic
SITE0003,Wood,off São Paulo,-28.0285,-43.5296666666666,South Atlantic,SW Atlantic,South Atlantic,Atlantic
SITE0007,Whale,off Santos,-26.6,-46.15,South Atlantic,SW Atlantic,South Atlantic,Atlantic
SITE0010,Whale,off Point Sur,36.2933333333333,-122.203333333333,North Pacific,NE Pacific,North Pacific,Pacific
SITE0011,Whale,off Point Lobos,36.4366666666666,-122.263333333333,North Pacific,NE Pacific,North Pacific,Pacific
SITE0012,Whale,Monterey Bay,36.94,-122.631666666666,North Pacific,NE Pacific,North Pacific,Pacific
SITE0015,Whale,"off Southwestern Iceland, between Vestmannaeyjar and Reykjanesridge",,,North Atlantic,NE Atlantic,North Atlantic,Atlantic
SITE0016,Whale,"off Vestmannaeyar, Southern Iceland",,,North Atlantic,NE Atlantic,North Atlantic,Atlantic
SITE0017,Whale,off Bay of Biscay,,,North Atlantic,NE Atlantic,North Atlantic,Atlantic
SITE0018,Whale,off Bastia (Corsica),,,Mediterranean sea,W Mediterranean,Mediterranean sea,Mediterranean
SITE0019,Whale,Bjarnarey (Southern Iceland),,,North Atlantic,NE Atlantic,North Atlantic,Atlantic
SITE0020,Whale,"Skeidarardypi, off southwestern Iceland",,,North Atlantic,NE Atlantic,North Atlantic,Atlantic
SITE0021,Whale,Adriatic Sea,42.4863833333333,17.0026416666666,Mediterranean sea,W Mediterranean,Mediterranean sea,Mediterranean
SITE0022,Whale,"off Sète, Lion Gulf",,,Mediterranean sea,W Mediterranean,Mediterranean sea,Mediterranean
SITE0023,Whale,west Póvoa de Varzim (Portugal),41.4783333333333,-9.21166666666666,North Atlantic,NE Atlantic,North Atlantic,Atlantic
SITE0024,Whale,North Azores,42.8333333333333,-28.6291666666666,North Atlantic,NE Atlantic,North Atlantic,Atlantic
SITE0025,Whale,Chatham Islands (New Zealand),-42.9366666666666,-175.543333333333,South Pacific,SW Pacific,South Pacific,Pacific
SITE0026,Whale,"off Mernoo Bank, Chatham Rise (New Zealand)",-43.569,176.3115,South Pacific,SW Pacific,South Pacific,Pacific
SITE0027,Whale,Chatham Rise (New Zealand),-44.13,178.526666666666,South Pacific,SW Pacific,South Pacific,Pacific
SITE0028,Whale,off Banks Peninsula (New Zealand),-44.675,174.016666666666,South Pacific,SW Pacific,South Pacific,Pacific
SITE0029,Whale,East Slope Challenger Plateau (New Zealand),-39.8666666666666,167.116666666666,South Pacific,SW Pacific,South Pacific,Pacific
SITE0030,Whale,Challenger Plateau (New Zealand),-39.8866666666666,168.02,South Pacific,SW Pacific,South Pacific,Pacific
SITE0031,Whale,Chatham Rise (New Zealand),-43.8583333333333,177.863333333333,South Pacific,SW Pacific,South Pacific,Pacific
SITE0032,Whale,NE Chatham Islands (New Zealand),-43.2833333333333,174.091666666666,South Pacific,SW Pacific,South Pacific,Pacific
SITE0033,Whale,"ACES1, off Smith Island, Antarctic Peninsula",-63.1645,-61.689,Southern Ocean,Bransfield Strait / Antarctic Peninsula,Southern Ocean,Southern
SITE0034,Whale,"ACES2, off Smith Island, Antarctic Peninsula",-63.183,-61.636,Southern Ocean,Bransfield Strait / Antarctic Peninsula,Southern Ocean,Southern
SITE0035,Whale,"East Scotia Sea, Kemp Caldera",-59.6945166666666,-28.3514833333333,Southern Ocean,Antarctica,Southern Ocean,Southern
SITE0037,Whale,"Whalers Bay, Deception Island",-62.9888333333333,-60.5575,Southern Ocean,Antarctica,Southern Ocean,Southern
SITE0039,Whale,"Monterey Bay, CA, USA",36.6101,-122.435366666666,North Pacific,NE Pacific,North Pacific,Pacific
SITE0039,Wood,"Monterey Bay, CA, USA",36.6101,-122.435366666666,North Pacific,NE Pacific,North Pacific,Pacific
SITE0040,Whale,Cape Nomamisaki (Japan),31.3453333333333,129.988166666666,North Pacific,NW Pacific,North Pacific,Pacific
SITE0042,Whale,Kosterfjord (Sweden),58.885,11.1066666666666,North Atlantic,NE Atlantic,North Atlantic,Atlantic
SITE0043,Whale,"Monterey Bay, CA, USA",36.8029666666666,-121.994616666666,North Pacific,NE Pacific,North Pacific,Pacific
SITE0046,Whale,"Monterey Bay, CA, USA",36.7082666666666,-122.105266666666,North Pacific,NE Pacific,North Pacific,Pacific
SITE0049,Whale,"Colatinas, Deception Island",-62.9913666666666,-60.61825,Southern Ocean,Antarctica,Southern Ocean,Southern
SITE0050,Whale,South-West Ireland,52.5,-12,North Atlantic,NE Atlantic,North Atlantic,Atlantic
SITE0052,Whale,South-West Ireland,,,North Atlantic,NE Atlantic,North Atlantic,Atlantic
SITE0053,Whale,150 miles off NE Aberdeen (North Sea),,,North Atlantic,NE Atlantic,North Atlantic,Atlantic
SITE0054,Whale,20 miles off NW Fair Isle,,,North Atlantic,NE Atlantic,North Atlantic,Atlantic
SITE0055,Whale,East Shetlands,,,North Atlantic,NE Atlantic,North Atlantic,Atlantic
SITE0056,Whale,Gulf of San Jorge,-46.1666666666666,-61.8333333333333,South Atlantic,SW Atlantic,South Atlantic,Atlantic
SITE0057,Whale,Gascogne Gulf,47.0333333333333,-4.68333333333333,North Atlantic,NE Atlantic,North Atlantic,Atlantic
SITE0059,Whale,"Malene Bay, Nuuk (Greenland)",64.1569444444444,-51.6969444444444,North Atlantic,NW Atlantic,North Atlantic,Atlantic
SITE0060,Whale,Torishima seamount (Japan),30.9241666666666,141.828666666666,North Pacific,NW Pacific,North Pacific,Pacific
SITE0061,Whale,British Columbia,48.6754388888888,-126.0899,North Pacific,NE Pacific,North Pacific,Pacific
SITE0062,Whale,Capraia Island (Italy),,,Mediterranean sea,W Mediterranean,Mediterranean sea,Mediterranean
SITE0063,Whale,"Marettimo Island, Tyrrhenian Sea (Italy)",,,Mediterranean sea,W Mediterranean,Mediterranean sea,Mediterranean
SITE0064,Whale,"Blanes canyon, Catalonia",41.6709722222222,2.8898,Mediterranean sea,W Mediterranean,Mediterranean sea,Mediterranean
SITE0066,Whale,"Whalers Bay, Deception Island",-62.9899166666666,-60.5613888888888,Southern Ocean,Antarctica,Southern Ocean,Southern
SITE0067,Whale,Nansei-Shoto Trench (Philippine Sea),23.9093466666666,126.36227,North Pacific,NW Pacific,North Pacific,Pacific
SITE0068,Whale,"between the Papua New Guinea islands of New Ireland and New Britain, Manus Basin",-3.78943166666666,152.092013055555,South Pacific,SW Pacific,South Pacific,Pacific
SITE0069,Whale,"Hydrate Ridge, Oregon",44.669,-125.098,North Pacific,NE Pacific,North Pacific,Pacific
SITE0072,Whale,Vanuatu,-15.704,167.0435,South Pacific,SW Pacific,South Pacific,Pacific
SITE0073,Whale,"Coral Seamount, Southwest Indian Ridge",-41.373,42.9106666666666,Indian Ocean,SW Indian Ocean,Indian Ocean,Indian
SITE0073,Wood,"Coral Seamount, Southwest Indian Ridge",-41.373,42.9106666666666,Indian Ocean,SW Indian Ocean,Indian Ocean,Indian
SITE0074,Whale,"Atlantis Bank, Southwest Indian Ridge",-32.7118333333333,57.2718333333333,Indian Ocean,SW Indian Ocean,Indian Ocean,Indian
SITE0074,Wood,"Atlantis Bank, Southwest Indian Ridge",-32.7118333333333,57.2718333333333,Indian Ocean,SW Indian Ocean,Indian Ocean,Indian
SITE0079,Whale,"Off Concepción, Chile",-36.4833333333333,-73.5666666666666,South Pacific,SE Pacific,South Pacific,Pacific
SITE0080,Whale,off Azores,38.4651666666666,-28.6216666666666,North Atlantic,Mid-Atlantic Ridge,North Atlantic,Atlantic
SITE0082,Whale,"off Cape Nomamisaki, Japan",31.3453333333333,129.988083333333,North Pacific,NW Pacific,North Pacific,Pacific
SITE0083,Whale,"Monterey Bay, CA, USA",32.7769666666666,-117.487566666666,North Pacific,NE Pacific,North Pacific,Pacific
SITE0084,Whale,"San Diego, CA, USA",32.7716,-117.453,North Pacific,NE Pacific,North Pacific,Pacific
SITE0085,Whale,"Monterey Bay, CA, USA",36.7721,-122.0831,North Pacific,NE Pacific,North Pacific,Pacific
SITE0086,Whale,Santa Cruz Basin,33.45,-119.366666666666,North Pacific,NE Pacific,North Pacific,Pacific
SITE0087,Whale,Santa Catalina Basin,32.2,-118.5,North Pacific,NE Pacific,North Pacific,Pacific
SITE0088,Whale,San Diego Trough,32.5833333333333,-117.5,North Pacific,NE Pacific,North Pacific,Pacific
SITE0089,Whale,San Nicolas Slope,33.3333333333333,-119.833333333333,North Pacific,NE Pacific,North Pacific,Pacific
SITE0090,Whale,San Clemente Basin,32.4333333333333,-118.15,North Pacific,NE Pacific,North Pacific,Pacific
SITE0091,Whale,off Oregon,47.9576666666666,-126.035333333333,North Pacific,NE Pacific,North Pacific,Pacific
SITE0091,Wood,off Oregon,47.9576666666666,-126.035333333333,North Pacific,NE Pacific,North Pacific,Pacific
SITE0092,Whale,off Oregon,43.9086666666666,-125.173666666666,North Pacific,NE Pacific,North Pacific,Pacific
SITE0092,Wood,off Oregon,43.9086666666666,-125.173666666666,North Pacific,NE Pacific,North Pacific,Pacific
SITE0093,Whale,off Oregon,47.27,-127.592833333333,North Pacific,NE Pacific,North Pacific,Pacific
SITE0093,Wood,off Oregon,47.27,-127.592833333333,North Pacific,NE Pacific,North Pacific,Pacific
SITE0094,Whale,off Oregon,43.8783333333333,-127.5655,North Pacific,NE Pacific,North Pacific,Pacific
SITE0094,Wood,off Oregon,43.8783333333333,-127.5655,North Pacific,NE Pacific,North Pacific,Pacific
SITE0098,Wood,Cayman Trench,19.65,-76.6166666666666,North Atlantic,NW Atlantic,North Atlantic,Atlantic
SITE0100,Wood,Caribbean sea,19.23,-73.23,North Atlantic,NW Atlantic,North Atlantic,Atlantic
SITE0101,Wood,Gulf of Guinea,4.8333,-4.9666,South Atlantic,SE Atlantic,South Atlantic,Atlantic
SITE0104,Wood,Caribbean sea,20.1333333333333,-84.5,North Atlantic,NW Atlantic,North Atlantic,Atlantic
SITE0105,Wood,"Caribbean sea, Southern Caribbean",11.65,-64.5833333333333,North Atlantic,NW Atlantic,North Atlantic,Atlantic
SITE0106,Wood,"Caribbean sea, Northern Caribbean",19.2333333333333,-73.2333333333333,North Atlantic,NW Atlantic,North Atlantic,Atlantic
SITE0107,Wood,Gulf of Guinea,4.83333333333333,-4.96666666666666,South Atlantic,SE Atlantic,South Atlantic,Atlantic
SITE0108,Wood,"Caribbean Sea, off Trinidad",11.6166666666666,-60.2,North Atlantic,NW Atlantic,North Atlantic,Atlantic
SITE0113,Wood,off Guiana,8.55,-54.3,North Atlantic,NW Atlantic,North Atlantic,Atlantic
SITE0114,Wood,Cayman Trench central,19.65,-76.61666,North Atlantic,NW Atlantic,North Atlantic,Atlantic
SITE0117,Wood,North Cuba,21.9666666666666,-73.7,North Atlantic,NW Atlantic,North Atlantic,Atlantic
SITE0118,Wood,Cayman Trench,19.0166666666666,-80.5,North Atlantic,NW Atlantic,North Atlantic,Atlantic
SITE0119,Wood,Near Lesser Antilles,13.45,-62.3166666666666,North Atlantic,NW Atlantic,North Atlantic,Atlantic
SITE0120,Wood,Cayman Trench,19.4,-76.6333333333333,North Atlantic,NW Atlantic,North Atlantic,Atlantic
SITE0121,Wood,Puerto Rico Trench,19.65,-68.3,North Atlantic,NW Atlantic,North Atlantic,Atlantic
SITE0122,Wood,Panama Gulf,6.85,-79.4666666666666,North Pacific,NW Pacific,North Pacific,Pacific
SITE0124,Wood,"South of Eyrabakki, Iceland",61.5,-22.5,North Atlantic,NE Atlantic,North Atlantic,Atlantic
SITE0128,Wood,Near Lesser Antilles,13.7666666666666,-61.0833333333333,North Atlantic,NE Atlantic,North Atlantic,Atlantic
SITE0129,Wood,off Guiana,7.58333333333333,-56.35,North Atlantic,NE Atlantic,North Atlantic,Atlantic
SITE0131,Wood,North Cuba,22.4,-75.43333,North Atlantic,NE Atlantic,North Atlantic,Atlantic
SITE0144,Wood,Tumokemoke Knoll,-37.485,176.911666666666,South Pacific,SW Pacific,South Pacific,Pacific
SITE0145,Wood,East of Cape Kidnappers,-39.88,177.608333333333,South Pacific,SW Pacific,South Pacific,Pacific
SITE0146,Wood,South East of Cape Campbell,-41.9316666666666,174.72,South Pacific,SW Pacific,South Pacific,Pacific
SITE0147,Wood,off Jackson Bay,-43.4466666666666,168.903333333333,South Pacific,SW Pacific,South Pacific,Pacific
SITE0148,Wood,off Timaru,-44.5366666666666,173.705,South Pacific,SW Pacific,South Pacific,Pacific
SITE0149,Wood,South East of Banks Peninsula,-44.6083333333333,173.546666666666,South Pacific,SW Pacific,South Pacific,Pacific
SITE0151,Wood,off Castlepoint,-41.1616666666666,176.521666666666,South Pacific,SW Pacific,South Pacific,Pacific
SITE0152,Wood,off Castlepoint,-41.1616666666666,176.441666666666,South Pacific,SW Pacific,South Pacific,Pacific
SITE0153,Wood,Lower Kaikoura Canyon,-42.6383333333333,173.773333333333,South Pacific,SW Pacific,South Pacific,Pacific
SITE0154,Wood,off Timaru,-44.7683333333333,173.6,South Pacific,SW Pacific,South Pacific,Pacific
SITE0156,Wood,South East of Mayor,-37.365,176.348333333333,South Pacific,SW Pacific,South Pacific,Pacific
SITE0157,Wood,East of Mayor,-37.3916666666666,176.75,South Pacific,SW Pacific,South Pacific,Pacific
SITE0159,Wood,off Port Jackson,-33.5,152.083333333333,South Pacific,SW Pacific,South Pacific,Pacific
SITE0160,Wood,off Broken Bay,-33.5333333333333,152,South Pacific,SW Pacific,South Pacific,Pacific
SITE0161,Wood,East of Broken Bay,-33.5666666666666,152.116666666666,South Pacific,SW Pacific,South Pacific,Pacific
SITE0162,Wood,off Port Jackson,-33.5833333333333,152.016666666666,South Pacific,SW Pacific,South Pacific,Pacific
SITE0163,Wood,East of Broken Bay,-33.5833333333333,152,South Pacific,SW Pacific,South Pacific,Pacific
SITE0166,Wood,off Botany Bay,-34.35,151.383333333333,South Pacific,SW Pacific,South Pacific,Pacific
SITE0167,Wood,East of Brush Island,-35.55,150.733333333333,South Pacific,SW Pacific,South Pacific,Pacific
SITE0169,Wood,East of Sydney,-33.7166666666666,151.85,South Pacific,SW Pacific,South Pacific,Pacific
SITE0171,Wood,East of Wattamolla,-34.2833333333333,151.45,South Pacific,SW Pacific,South Pacific,Pacific
SITE0172,Wood,off White Island,-37.395,177.658333333333,South Pacific,SW Pacific,South Pacific,Pacific
SITE0173,Wood,off East Cape,-37.5433333333333,179.321666666666,South Pacific,SW Pacific,South Pacific,Pacific
SITE0176,Wood,off Timaru,-44.7366666666666,173.13,South Pacific,SW Pacific,South Pacific,Pacific
SITE0177,Wood,off Timaru,-44.7516666666666,173.086666666666,South Pacific,SW Pacific,South Pacific,Pacific
SITE0179,Wood,off Kaikoura,-42.695,174.466666666666,South Pacific,SW Pacific,South Pacific,Pacific
SITE0180,Wood,off Cape Egmont,-38.975,172.17,South Pacific,SW Pacific,South Pacific,Pacific
SITE0181,Wood,off Mahia Peninsula,-39.4733333333333,178.393333333333,South Pacific,SW Pacific,South Pacific,Pacific
SITE0182,Wood,off Cape Kidnappers,-39.945,177.92,South Pacific,SW Pacific,South Pacific,Pacific
SITE0183,Wood,off Castlepoint,-41.165,176.441666666666,South Pacific,SW Pacific,South Pacific,Pacific
SITE0184,Wood,South of Castlepoint,-41.4733333333333,176.086666666666,South Pacific,SW Pacific,South Pacific,Pacific
SITE0185,Wood,off Cape Palliser,-41.7533333333333,175.446666666666,South Pacific,SW Pacific,South Pacific,Pacific
SITE0186,Wood,off Clarence River mouth,-42.24,174.353333333333,South Pacific,SW Pacific,South Pacific,Pacific
SITE0187,Wood,off Greymouth,-42.37,169.458333333333,South Pacific,SW Pacific,South Pacific,Pacific
SITE0188,Wood,NE of Chatham Island,-42.785,-175.76,South Pacific,SW Pacific,South Pacific,Pacific
SITE0189,Wood,off Hokitika,-42.9766666666666,168.365,South Pacific,SW Pacific,South Pacific,Pacific
SITE0191,Wood,off Jackson Bay,-43.4966666666666,168.901666666666,South Pacific,SW Pacific,South Pacific,Pacific
SITE0195,Wood,SE of Broken Bay,-33.6666666666666,151.933333333333,South Pacific,SW Pacific,South Pacific,Pacific
SITE0196,Wood,off East Cape,-37.535,179.176666666666,South Pacific,SW Pacific,South Pacific,Pacific
SITE0197,Wood,off Castlepoint,-41.4116666666666,176.14,South Pacific,SW Pacific,South Pacific,Pacific
SITE0198,Wood,off Castlepoint,-41.4216666666666,176.126666666666,South Pacific,SW Pacific,South Pacific,Pacific
SITE0199,Wood,NE of Chatham Island,-42.9583333333333,175.371666666666,South Pacific,SW Pacific,South Pacific,Pacific
SITE0200,Wood,off Oamaru,-44.9875,174.015,South Pacific,SW Pacific,South Pacific,Pacific
SITE0201,Wood,"NE of Mernoo Bank, Chatham Rise",-42.7316666666666,176.133333333333,South Pacific,SW Pacific,South Pacific,Pacific
SITE0202,Wood,off Cape Runaway,-37.4983333333333,177.783333333333,South Pacific,SW Pacific,South Pacific,Pacific
SITE0203,Wood,off Castlepoint,-41.42,176.07,South Pacific,SW Pacific,South Pacific,Pacific
SITE0205,Wood,off Jackson Bay,-43.555,168.856666666666,South Pacific,SW Pacific,South Pacific,Pacific
SITE0206,Wood,off Timaru,-44.5883333333333,174.098333333333,South Pacific,SW Pacific,South Pacific,Pacific
SITE0207,Wood,off Timaru,-44.7983333333333,174.098333333333,South Pacific,SW Pacific,South Pacific,Pacific
SITE0209,Wood,East of Broken Bay,-33.7666666666666,151.833333333333,South Pacific,SW Pacific,South Pacific,Pacific
SITE0211,Wood,East of Ulladulla,-35.5166666666666,150.833333333333,South Pacific,SW Pacific,South Pacific,Pacific
SITE0212,Wood,New Zealand,-37.35,176.433333333333,South Pacific,SW Pacific,South Pacific,Pacific
SITE0213,Wood,New Zealand,-37.3333333333333,176.483333333333,South Pacific,SW Pacific,South Pacific,Pacific
SITE0214,Wood,New Zealand,-38.65,172.633333333333,South Pacific,SW Pacific,South Pacific,Pacific
SITE0215,Wood,New Zealand,-43.3833333333333,169.05,South Pacific,SW Pacific,South Pacific,Pacific
SITE0216,Wood,New Zealand,-42.7166666666666,169.25,South Pacific,SW Pacific,South Pacific,Pacific
SITE0217,Wood,New Zealand,-43.3833333333333,168.083333333333,South Pacific,SW Pacific,South Pacific,Pacific
SITE0218,Wood,South Woods Hole (USA),39.7666666666666,-70.6833333333333,North Atlantic,NW Atlantic,North Atlantic,Atlantic
SITE0219,Wood,SE Woods Hole (USA),38.3066666666666,-69.5933333333333,North Atlantic,NW Atlantic,North Atlantic,Atlantic
SITE0220,Wood,SE Woods Hole (USA),38.3066666666666,-69.5933333333333,North Atlantic,NW Atlantic,North Atlantic,Atlantic
SITE0221,Wood,Tongue of the Ocean (Bahamas),24.8866666666666,-77.67,North Atlantic,NW Atlantic,North Atlantic,Atlantic
SITE0222,Wood,"St. Croix, off N Coast",17.9438333333333,-64.81,North Atlantic,NW Atlantic,North Atlantic,Atlantic
SITE0223,Wood,Panama Basin,5.34416666666666,-81.9365,North Atlantic,NW Atlantic,North Atlantic,Atlantic
SITE0224,Wood,west of Spitsbergen,unknown,unknown,North Atlantic,NE Atlantic,North Atlantic,Atlantic
SITE0225,Wood,Selvogsdypet,unknown,unknown,North Atlantic,NE Atlantic,North Atlantic,Atlantic
SITE0226,Wood,southeast of Reykjanesridge,unknown,unknown,North Atlantic,NE Atlantic,North Atlantic,Atlantic
SITE0227,Wood,off Vesrmannaeyar,unknown,unknown,North Atlantic,NE Atlantic,North Atlantic,Atlantic
SITE0228,Wood,between Hebrides & Faroe Islands (Wyville-Thomson Ridge),unknown,unknown,North Atlantic,NE Atlantic,North Atlantic,Atlantic
SITE0229,Wood,Off New England,38.5083333333333,-69.1402777777777,North Atlantic,NE Atlantic,North Atlantic,Atlantic
SITE0230,Wood,Off New England,39.7,-71.5333333333333,North Atlantic,NE Atlantic,North Atlantic,Atlantic
SITE0231,Wood,"Tuscan Sea, Italy",unknown,unknown,Mediterranean Sea,W Mediterranean,Mediterranean Sea,Mediterranean
SITE0232,Wood,"off Almeria, Spain",unknown,unknown,Mediterranean Sea,W Mediterranean,Mediterranean Sea,Mediterranean
SITE0235,Wood,New South Wales,unknown,unknown,South Pacific,SW Pacific,South Pacific,Pacific
SITE0236,Wood,off Queensland,unknown,unknown,South Pacific,SW Pacific,South Pacific,Pacific
SITE0237,Wood,Morroco,35.1833333333333,-7.83333333333333,North Atlantic,NE Atlantic,North Atlantic,Atlantic
SITE0239,Wood,San Diego,32.5166666666666,-117.275,North Pacific,NE Pacific,North Pacific,Pacific
SITE0241,Wood,Ocean Drilling Program (ODP) Drill Hole 1026B,47.76275,-127.757316666666,North Pacific,NE Pacific,North Pacific,Pacific
SITE0242,Wood,Baby Bare Seamount,47.7106166666666,-127.7882,North Pacific,NE Pacific,North Pacific,Pacific
SITE0243,Wood,Escanaba Trough,41.0045333333333,-127.49465,North Pacific,NE Pacific,North Pacific,Pacific
SITE0244,Wood,Cape Cod,39.7783333333333,-70.68,North Atlantic,NW Atlantic,North Atlantic,Atlantic
SITE0245,Wood,South of Cape Cod,38.3233333333333,-69.5933333333333,North Atlantic,NW Atlantic,North Atlantic,Atlantic
SITE0246,Wood,"Wuzza Bare, Cascadia Basin",47.7847833333333,-127.691316666666,North Pacific,NE Pacific,North Pacific,Pacific
SITE0247,Wood,"Baby Bare, Cascadia Basin",47.7106166666666,-127.79375,North Pacific,NE Pacific,North Pacific,Pacific
SITE0248,Wood,"ODP 1026B, Cascadia Basin",47.7625833333333,-127.75735,North Pacific,NE Pacific,North Pacific,Pacific
SITE0249,Wood,Escanaba Trough,41.0002666666666,-127.49475,North Pacific,NE Pacific,North Pacific,Pacific
SITE0250,Wood,"Sea Cliff, Gorda Ridge",42.7543,-126.709533333333,North Pacific,NE Pacific,North Pacific,Pacific
SITE0251,Wood,"Axial Volcano, Juan de Fuca Ridge",45.9336833333333,-129.9827,North Pacific,NE Pacific,North Pacific,Pacific
SITE0252,Wood,"Endeavour Segment, Juan de Fuca Ridge",47.94635,-129.097033333333,North Pacific,NE Pacific,North Pacific,Pacific
SITE0253,Wood,"Cleft Segment, Juan de Fuca Ridge",44.6633333333333,-130.355,North Pacific,NE Pacific,North Pacific,Pacific
SITE0254,Wood,Nootka Fracture Zone,49.2951666666666,-127.6785,North Pacific,NE Pacific,North Pacific,Pacific
SITE0255,Wood,Oregon Margin,44.7595,-125.524333333333,North Pacific,NE Pacific,North Pacific,Pacific
SITE0256,Wood,"Straits of Juan de Fuca, off Washington",48.5166666666666,-124.716666666666,North Pacific,NE Pacific,North Pacific,Pacific
SITE0257,Wood,Tongue of the Ocean (Bahamas),25.9,-77.8166666666666,North Atlantic,NW Atlantic,North Atlantic,Atlantic
SITE0258,Wood,"Sant Miguel Island, off Port Hueneme, California",33.7666666666666,-120.766666666666,North Pacific,NE Pacific,North Pacific,Pacific
SITE0259,Wood,"NE Port Gentil, off Gabon",0,8.96666666666666,South Atlantic,SE Atlantic,South Atlantic,Atlantic
SITE0261,Wood,"SE Fowey Rocks, Florida",25.4166666666666,-79.9833333333333,North Atlantic,NW Atlantic,North Atlantic,Atlantic
SITE0263,Wood,South Aligator Reef,24.4166666666666,-80.5583333333333,North Atlantic,NW Atlantic,North Atlantic,Atlantic
SITE0264,Wood,West Africa,1.7,7.85,South Atlantic,SE Atlantic,South Atlantic,Atlantic
SITE0265,Wood,Mindano Sea,8.8,124.15,North Pacific,NW Pacific,North Pacific,Pacific
SITE0266,Wood,Sulu Sea,7.9,121.5,North Pacific,NW Pacific,North Pacific,Pacific
SITE0267,Wood,Makassar Strait,-3.93333333333333,118.433333333333,South Pacific,SW Pacific,South Pacific,Pacific
SITE0268,Wood,Bali Sea,-5.41666666666666,117.05,South Pacific,SW Pacific,South Pacific,Pacific
SITE0269,Wood,Banda Trench,-5.43333333333333,130.966666666666,South Pacific,SW Pacific,South Pacific,Pacific
SITE0270,Wood,Tasman Sea,-31.45,153.55,South Pacific,SW Pacific,South Pacific,Pacific
SITE0271,Wood,Kermadec Trench,-35.85,-178.516666666666,South Pacific,SW Pacific,South Pacific,Pacific
SITE0272,Wood,"Galathea Station 726, Gulf of Panama",5.8166666,-78.8666666666666,North Pacific,NE Pacific,North Pacific,Pacific
SITE0273,Wood,Gulf of Panama,7.36,-79.5333333333333,North Pacific,NE Pacific,North Pacific,Pacific
SITE0274,Wood,"Galathea Station 745, Gulf of Panama",7.25,-79.4166666666666,North Pacific,NE Pacific,North Pacific,Pacific
SITE0275,Wood,Bay of Puerto Montt,-41.5013888888888,-72.9394444444444,South Pacific,SE Pacific,South Pacific,Pacific
SITE0276,Wood,"off Acapulco, Mexico",16.7833333333333,-99.9833333333333,North Pacific,NE Pacific,North Pacific,Pacific
SITE0277,Wood,East Gloucester,42.55,-69.9666666666666,North Atlantic,NW Atlantic,North Atlantic,Atlantic
SITE0278,Wood,East Cape Cod,41.2166666666666,-66,North Atlantic,NW Atlantic,North Atlantic,Atlantic
SITE0279,Wood,Barnegat Bay,39.7166666666666,-71.5333333333333,North Atlantic,NW Atlantic,North Atlantic,Atlantic
SITE0280,Wood,East Atlantic City,39.5666666666666,-71.9333333333333,North Atlantic,NW Atlantic,North Atlantic,Atlantic
SITE0281,Wood,East Atlantic City,39.3666666666666,-68.4166666666666,North Atlantic,NW Atlantic,North Atlantic,Atlantic
SITE0282,Wood,East Cape May,38.8666666666666,-69.4,North Atlantic,NW Atlantic,North Atlantic,Atlantic
SITE0283,Wood,East Cape Henry,36.75,-74.4666666666666,North Atlantic,NW Atlantic,North Atlantic,Atlantic
SITE0284,Wood,East Cape Henry,36.6,-74.5333333333333,North Atlantic,NW Atlantic,North Atlantic,Atlantic
SITE0285,Wood,off Atlantic City,39.4833333333333,-70.9666666666666,North Atlantic,NW Atlantic,North Atlantic,Atlantic
SITE0286,Wood,off Cape Hatteras,35.8166666666666,-74.5666666666666,North Atlantic,NW Atlantic,North Atlantic,Atlantic
SITE0287,Wood,off Fernandina,30.9666666666666,-79.6333333333333,North Atlantic,NW Atlantic,North Atlantic,Atlantic
SITE0288,Wood,off Dominica,15.2833333333333,-61.4,North Atlantic,NW Atlantic,North Atlantic,Atlantic
SITE0289,Wood,off Santa Lucia,13.85,-61.05,North Atlantic,NW Atlantic,North Atlantic,Atlantic
SITE0290,Wood,West Silver Point (Oregon),44.8666666666666,-124.483333333333,North Pacific,NE Pacific,North Pacific,Pacific
SITE0291,Wood,West Depoe Bay (Oregon),44.8666666666666,-124.6,North Pacific,NE Pacific,North Pacific,Pacific
SITE0292,Wood,West Depoe Bay (Oregon),44.8666666666666,-125.016666666666,North Pacific,NE Pacific,North Pacific,Pacific
SITE0293,Wood,Indonesia,0.576666666666667,118.883333333333,North Pacific,NW Pacific,North Pacific,Pacific
SITE0294,Wood,SW Point (Bahamas),26.6166666666666,-78.9333333333333,North Atlantic,NW Atlantic,North Atlantic,Atlantic
SITE0295,Wood,Florida (USA),25.65,-79.9666666666666,North Atlantic,NW Atlantic,North Atlantic,Atlantic
SITE0296,Wood,N Port Louis (Guadeloupe Island),16.5366666666666,-61.6133333333333,North Atlantic,NW Atlantic,North Atlantic,Atlantic
SITE0297,Wood,Gulf of San Blas (Panama),9.93,-78.9966666666666,North Atlantic,NW Atlantic,North Atlantic,Atlantic
SITE0298,Wood,Cabo Marzo (Panama),6.88333333333,-79.45,North Pacific,NE Pacific,North Pacific,Pacific
SITE0299,Wood,Barnegat Bay,39.73,-70.5,North Atlantic,NW Atlantic,North Atlantic,Atlantic
SITE0300,Wood,East Currituck Sound,36.4816666666666,-67.97,North Atlantic,NW Atlantic,North Atlantic,Atlantic
SITE0301,Wood,SE Brunswick,31,-79.8333333333333,North Atlantic,NW Atlantic,North Atlantic,Atlantic
SITE0302,Wood,East Cape Charles (Bermuda),37.43333333,-63.9833333333333,North Atlantic,NW Atlantic,North Atlantic,Atlantic
SITE0303,Wood,South Bermuda,32.25,-64.5333333333333,North Atlantic,NW Atlantic,North Atlantic,Atlantic
SITE0304,Wood,Pertigalete Bay (Venezuela),11.5833333333333,-64.59,North Atlantic,NW Atlantic,North Atlantic,Atlantic
SITE0305,Wood,Cuba,23.35,-80.9333333333333,North Atlantic,NW Atlantic,North Atlantic,Atlantic
SITE0306,Wood,Punta Piedras (Colombia),9.46,-76.4333333333333,North Atlantic,NW Atlantic,North Atlantic,Atlantic
SITE0307,Wood,Tongue of the Ocean (Bahamas),24.9,-77.7833333333333,North Atlantic,NW Atlantic,North Atlantic,Atlantic
SITE0308,Wood,"Sant Miguel Island, off Port Hueneme, California",33.73,-120.75,North Pacific,NE Pacific,North Pacific,Pacific
SITE0309,Wood,West of Seaside (Oregon),46,-124.8,North Pacific,NE Pacific,North Pacific,Pacific
SITE0310,Wood,West of Tillamookhead (Oregon),45.75,-125.15,North Pacific,NE Pacific,North Pacific,Pacific
SITE0311,Wood,West of Silver Point (Oregon),45.8666666666666,-124.9,North Pacific,NE Pacific,North Pacific,Pacific
SITE0312,Wood,"Sant Miguel Island, off Port Hueneme, California",34.1,-120.75,North Pacific,NE Pacific,North Pacific,Pacific
SITE0313,Wood,"Sant Miguel Island, off Port Hueneme, California",33.7333333333333,-120.75,North Pacific,NE Pacific,North Pacific,Pacific
SITE0314,Wood,Desecho Island (Puerto Rico),18.1986111111111,-67.7138888888888,North Atlantic,NW Atlantic,North Atlantic,Atlantic
SITE0315,Wood,Java,-8.6,114.566666666666,Indian Ocean,E Indian Ocean,Indian Ocean,Indian
SITE0316,Wood,Clara Island,10.5,96.5833333333333,Indian Ocean,E Indian Ocean,Indian Ocean,Indian
SITE0317,Wood,"NE Port Gentil, off Gabon",-0.25,8.78333333333333,South Atlantic,SE Atlantic,South Atlantic,Atlantic
SITE0318,Wood,North Iceland,67.4078333333333,-21.6183333333333,Arctic Ocean,Arctic Ocean,Arctic Ocean,Arctic
SITE0319,Wood,Greenland,74.892,-12.5898333333333,Arctic Ocean,Arctic Ocean,Arctic Ocean,Arctic
SITE0320,Wood,off Tokai,unknown,unknown,North Pacific,NW Pacific,North Pacific,Pacific
SITE0321,Wood,off Hitachi,unknown,unknown,North Pacific,NW Pacific,North Pacific,Pacific
SITE0322,Wood,off Atsumi Peninsula,unknown,unknown,North Pacific,NW Pacific,North Pacific,Pacific
SITE0323,Wood,Vanuatu,unknown,unknown,South Pacific,SW Pacific,South Pacific,Pacific
SITE0324,Wood,Cape Verde Abyssal Plain,21.0635,-31.2035,North Atlantic,NE Atlantic,North Atlantic,Atlantic
SITE0326,Wood,East off Castlepoint,-41.3,176.305,South Pacific,SW Pacific,South Pacific,Pacific
SITE0329,Wood,Gorda Ridge (Sea Cliff),42.7533333333333,-126.708333333333,North Pacific,NE Pacific,North Pacific,Pacific
SITE0331,Wood,Off New Zealand,-42.787,179.926166666666,South Pacific,SW Pacific,South Pacific,Pacific
SITE0333,Wood,"Santos Basin, SW Atlantic",-28.0284333333333,-43.5296666666666,South Atlantic,SW Atlantic,South Atlantic,Atlantic
SITE0334,Wood,Caribbean Sea,17.9583333333333,-64.8083333333333,North Atlantic,NW Atlantic,North Atlantic,Atlantic
SITE0335,Wood,"NE Pacific, Cascadia Basin",47.2700166666666,-127.592883333333,North Pacific,NE Pacific,North Pacific,Pacific
SITE0336,Wood,"NE Pacific, Cascadia Basin",43.9087,-125.170633333333,North Pacific,NE Pacific,North Pacific,Pacific
SITE0337,Wood,"NE Pacific, Cascadia Basin",47.9577,-126.0353,North Pacific,NE Pacific,North Pacific,Pacific
SITE0338,Wood,Off New Zealand,-39.7158333333333,177.963666666666,South Pacific,SW Pacific,South Pacific,Pacific
SITE0339,Wood,Off Monterey,36.2613,-122.678,North Pacific,NE Pacific,North Pacific,Pacific
SITE0340,Wood,Off New Zealand,-42.8166666666666,-175.683333333333,South Pacific,SW Pacific,South Pacific,Pacific
SITE0341,Wood,"Santos Basin, SW Atlantic",-25.894,-45.0348333333333,South Atlantic,SW Atlantic,South Atlantic,Atlantic
SITE0342,Wood,Off New Zealand,-39.7158,177.9637,South Pacific,SW Pacific,South Pacific,Pacific
SITE0343,Wood,Off New Zealand,-43.9546666666666,176.767166666666,South Pacific,SW Pacific,South Pacific,Pacific
SITE0344,Wood,Off New Zealand,-46.8716666666666,167.041666666666,South Pacific,SW Pacific,South Pacific,Pacific
SITE0345,Wood,Off New Zealand,-40.8305,176.935833333333,South Pacific,SW Pacific,South Pacific,Pacific
SITE0346,Wood,"Espirito Santo Basin, SW Atlantic",-21.4501333333333,-39.8965,South Atlantic,SW Atlantic,South Atlantic,Atlantic
SITE0347,Wood,"Blanes Canyon, Catalonia",41.5041666666666,2.84722222222222,Mediterranean Sea,W Mediterranean,Mediterranean Sea,Mediterranean
SITE0348,Wood,"Avile´s Canyon, Cantabrian Sea",43.9103611111111,-6.35002777777777,North Atlantic,NE Atlantic,North Atlantic,Atlantic
SITE0349,Wood,Gulf of Mexico,27.7458333333333,-91.2218333333333,North Atlantic,NW Atlantic,North Atlantic,Atlantic
SITE0350,Wood,"La Fonera Canyon, Catalonia",41.8641666666666,3.33616666666666,Mediterranean Sea,E Mediterranean,Mediterranean Sea,Mediterranean
SITE0351,Wood,"SE Port Dunford, South Africa",-29.0366666666666,32.3266666666666,Indian Ocean,SW Indian Ocean,Indian Ocean,Indian
SITE0353,Wood,"Bergen, Norway",60.4819166666666,5.41775,North Atlantic,NE Atlantic,North Atlantic,Atlantic
SITE0354,Wood,"Rendova, Solomon Islands",-8.5537,157.8983,South Pacific,SW Pacific,South Pacific,Pacific
SITE0355,Wood,"Rendova, Solomon Islands",-8.5592,157.4578,South Pacific,SW Pacific,South Pacific,Pacific
SITE0356,Wood,"Santa Isabel, Solomon Islands",-8.28,159.96,South Pacific,SW Pacific,South Pacific,Pacific
SITE0357,Wood,"Telepare, Solomon Islands",-8.6807,157.4683,South Pacific,SW Pacific,South Pacific,Pacific
SITE0358,Wood,"Vella Gulf, Solomon Islands",-8.5325,157.726944,South Pacific,SW Pacific,South Pacific,Pacific
SITE0359,Wood,"Vella Gulf, Solomon Islands",-8.5307,157.7162,South Pacific,SW Pacific,South Pacific,Pacific
SITE0360,Wood,"Rendova, Solomon Islands",-8.5537,157.4198,South Pacific,SW Pacific,South Pacific,Pacific
SITE0361,Wood,"Santa Isabel, Solomon Islands",-8.75,159.6797,South Pacific,SW Pacific,South Pacific,Pacific
SITE0362,Wood,"Santa Isabel, Solomon Islands",-8.7617,159.665,South Pacific,SW Pacific,South Pacific,Pacific
SITE0363,Wood,"Vella Gulf, Solomon Islands",-7.9378,156.8467,South Pacific,SW Pacific,South Pacific,Pacific
SITE0364,Wood,"Vella Gulf, Solomon Islands",-7.940833,156.855556,South Pacific,SW Pacific,South Pacific,Pacific
SITE0365,Wood,"Vella Lavella, Solomon Islands",-7.7535,156.4267,South Pacific,SW Pacific,South Pacific,Pacific
SITE0366,Wood,"Vella Lavella, Solomon Islands",-7.67,156.4007,South Pacific,SW Pacific,South Pacific,Pacific
SITE0367,Wood,"Vella Lavella, Solomon Islands",-7.7983,156.8983,South Pacific,SW Pacific,South Pacific,Pacific
SITE0368,Wood,"Choiseul, Solomon Islands",-6.5935,156.188,South Pacific,SW Pacific,South Pacific,Pacific
SITE0369,Wood,"Choiseul, Solomon Islands",-6.600278,156.19111,South Pacific,SW Pacific,South Pacific,Pacific
SITE0370,Wood,"Santa Isabel, Solomon Islands",-8.4067,159.445,South Pacific,SW Pacific,South Pacific,Pacific
SITE0371,Wood,"Rendova, Solomon Islands",-8.6215,157.3657,South Pacific,SW Pacific,South Pacific,Pacific
SITE0372,Wood,"Rendova, Solomon Islands",-8.665,157.388333,South Pacific,SW Pacific,South Pacific,Pacific
SITE0373,Wood,"Rendova, Solomon Islands",-8.659,157.3863,South Pacific,SW Pacific,South Pacific,Pacific
SITE0374,Wood,"Telepare, Solomon Islands",-8.7773,157.5103,South Pacific,SW Pacific,South Pacific,Pacific
SITE0375,Wood,"Kumano Nada, Japan",34.07,136.3,North Pacific,NW Pacific,North Pacific,Pacific
SITE0376,Wood,"Suruga Bay, Japan",34.43,138.41,North Pacific,NW Pacific,North Pacific,Pacific
SITE0377,Wood,Vanuatu,-14.995,166.916666666666,South Pacific,SW Pacific,South Pacific,Pacific
SITE0379,Wood,Vanuatu,-14.025,166.901666666666,South Pacific,SW Pacific,South Pacific,Pacific
SITE0380,Wood,Solomon Islands,-10.4666666666666,161.373333333333,South Pacific,SW Pacific,South Pacific,Pacific
SITE0381,Wood,"Galathea Station 450, Celebes Sea",1.83333333333333,119.333333333333,North Pacific,NW Pacific,North Pacific,Pacific
SITE0383,Wood,"Maribojoc Bay, Philippines",9.60166666666666,123.75,North Pacific,NW Pacific,North Pacific,Pacific
SITE0386,Wood,"Espiritu Santo, Solomon Islands",-14.9957777777777,166.9245,South Pacific,SW Pacific,South Pacific,Pacific
SITE0388,Wood,"White Island, New Zealand",-37.395,177.61,South Pacific,SW Pacific,South Pacific,Pacific
SITE0389,Wood,"Hyuga Basin, Japan",32.3516666666666,132.475,North Pacific,NW Pacific,North Pacific,Pacific
SITE0390,Wood,Gulf of Mexico,27.7348333333333,-91.2415,North Atlantic,NW Atlantic,North Atlantic,Atlantic
SITE0391,Wood,Kuril– Kamchatka Trench,42.4833333333333,154.0015,North Pacific,NW Pacific,North Pacific,Pacific
SITE0392,Wood,Kuril– Kamchatka Trench,43.0443333333333,152.991,North Pacific,NW Pacific,North Pacific,Pacific
SITE0393,Wood,Kuril– Kamchatka Trench,41.2006666666666,150.097833333333,North Pacific,NW Pacific,North Pacific,Pacific
SITE0394,Wood,Kuril– Kamchatka Trench,40.2258333333333,148.112833333333,North Pacific,NW Pacific,North Pacific,Pacific
SITE0395,Wood,Kuril– Kamchatka Trench,39.7245,147.1795,North Pacific,NW Pacific,North Pacific,Pacific
SITE0396,Wood,Caribbean Sea,16.2,-84.2333333333333,North Atlantic,NW Atlantic,North Atlantic,Atlantic
SITE0397,Wood,Caribbean Sea,9.1,-81.25,North Atlantic,NW Atlantic,North Atlantic,Atlantic
SITE0398,Wood,Caribbean Sea,9.96666666666666,-76.4833333333333,North Atlantic,NW Atlantic,North Atlantic,Atlantic
SITE0399,Wood,Caribbean Sea,11.2166666666666,-74.4333333333333,North Atlantic,NW Atlantic,North Atlantic,Atlantic
SITE0400,Wood,Caribbean Sea,11.4333333333333,-73.6833333333333,North Atlantic,NW Atlantic,North Atlantic,Atlantic
SITE0401,Wood,Caribbean Sea,11.2,-74.4,North Atlantic,NW Atlantic,North Atlantic,Atlantic
SITE0402,Wood,Caribbean Sea,11.6833333333333,-73.4,North Atlantic,NW Atlantic,North Atlantic,Atlantic
SITE0403,Wood,Caribbean Sea,9.53333333333333,-76.6333333333333,North Atlantic,NW Atlantic,North Atlantic,Atlantic
SITE0404,Wood,Caribbean Sea,10.1666666666666,-76.2333333333333,North Atlantic,NW Atlantic,North Atlantic,Atlantic
SITE0405,Wood,Caribbean Sea,10.15,-76.2333333333333,North Atlantic,NW Atlantic,North Atlantic,Atlantic
SITE0406,Wood,Caribbean Sea,12.9166666666666,-70.2666666666666,North Atlantic,NW Atlantic,North Atlantic,Atlantic
SITE0407,Wood,"Hardangerfjorden, Norway",60.3972222222222,6.425,North Atlantic,NE Atlantic,North Atlantic,Atlantic
SITE0408,Wood,"Møre, Norway",unknown,unknown,North Atlantic,NE Atlantic,North Atlantic,Atlantic
SITE0409,Wood,Knipovich Ridge,73.5531666666666,8.28166666666666,North Atlantic,NE Atlantic,North Atlantic,Atlantic
SITE0410,Wood,"Kumano-nada, Japan",33.95,136.35,North Pacific,NW Pacific,North Pacific,Pacific
SITE0411,Wood,Okhotsk Sea,50.95,149.75,North Pacific,NW Pacific,North Pacific,Pacific
SITE0412,Wood,"off Heda, Japan",34.9916666666666,138.716666666666,North Pacific,NW Pacific,North Pacific,Pacific
SITE0413,Wood,"off Heda, Japan",35.0066666666666,138.731666666666,North Pacific,NW Pacific,North Pacific,Pacific
SITE0414,Wood,"off Toi, Japan",34.8966666666666,138.721666666666,North Pacific,NW Pacific,North Pacific,Pacific
SITE0415,Wood,"off Toi, Japan",34.945,138.721666666666,North Pacific,NW Pacific,North Pacific,Pacific
SITE0416,Wood,"off Heda, Japan",34.9983333333333,138.735,North Pacific,NW Pacific,North Pacific,Pacific
SITE0417,Wood,"off Heda, Japan",34.9666666666666,138.736666666666,North Pacific,NW Pacific,North Pacific,Pacific
SITE0418,Wood,"off Kumomi, Japan",34.7716666666666,138.713333333333,North Pacific,NW Pacific,North Pacific,Pacific
SITE0419,Wood,"Ozezaki, Japan",35.0083333333333,138.751666666666,North Pacific,NW Pacific,North Pacific,Pacific
SITE0420,Wood,"Heda, Japan",34.93,138.71,North Pacific,NW Pacific,North Pacific,Pacific
SITE0421,Wood,"South Senoumi Bank, Japan",34.7603333333333,138.492166666666,North Pacific,NW Pacific,North Pacific,Pacific
SITE0422,Wood,"off Matsuzaki, Japan",34.7745,138.714,North Pacific,NW Pacific,North Pacific,Pacific
SITE0423,Wood,"off Hagachizaki, Japan",34.7441666666666,138.6955,North Pacific,NW Pacific,North Pacific,Pacific
SITE0424,Wood,"off Matsuzaki, Japan",34.7661666666666,138.705333333333,North Pacific,NW Pacific,North Pacific,Pacific
SITE0425,Wood,"west Omaezaki, Japan",34.3828333333333,138.298333333333,North Pacific,NW Pacific,North Pacific,Pacific
SITE0426,Wood,"off Heda, Japan",35.085,138.723333333333,North Pacific,NW Pacific,North Pacific,Pacific
SITE0427,Wood,"off Odawara, Japan",34.2033333333333,139.21,North Pacific,NW Pacific,North Pacific,Pacific
SITE0428,Wood,"Sagamy Bay, Japan",35.0683333333333,139.525,North Pacific,NW Pacific,North Pacific,Pacific
SITE0429,Wood,"off Heda, Japan",34.9933333333333,138.745,North Pacific,NW Pacific,North Pacific,Pacific
SITE0430,Wood,"off Matsuzaki, Japan",34.7633333333333,138.708333333333,North Pacific,NW Pacific,North Pacific,Pacific
SITE0431,Wood,"off Toi, Japan",34.9066666666666,138.728333333333,North Pacific,NW Pacific,North Pacific,Pacific
SITE0432,Wood,"South Senoumi Bank, Japan",34.685,138.39,North Pacific,NW Pacific,North Pacific,Pacific
SITE0434,Wood,"off Toi, Japan",34.918,138.718,North Pacific,NW Pacific,North Pacific,Pacific
SITE0435,Wood,"Sagami Bank, Japan",35.1516666666666,139.388333333333,North Pacific,NW Pacific,North Pacific,Pacific
SITE0436,Wood,"off Heda, Japan",34.9516666666666,138.726666666666,North Pacific,NW Pacific,North Pacific,Pacific
SITE0437,Wood,off Oshima,34.8683333333333,139.461666666666,North Pacific,NW Pacific,North Pacific,Pacific
SITE0438,Wood,"west Omaezaki, Japan",34.38,138.400166666666,North Pacific,NW Pacific,North Pacific,Pacific
SITE0439,Wood,"Ozezaki, Japan",35.0683333333333,138.788333333333,North Pacific,NW Pacific,North Pacific,Pacific
SITE0440,Wood,"off Toi, Japan",34.951,138.75,North Pacific,NW Pacific,North Pacific,Pacific
SITE0441,Wood,"off Toi, Japan",34.8983333333333,138.718333333333,North Pacific,NW Pacific,North Pacific,Pacific
SITE0442,Wood,"Bungo Channel, Japan",32.3816666666666,132.453333333333,North Pacific,NW Pacific,North Pacific,Pacific
SITE0443,Wood,"Kumano-nada, Japan",34.0846666666666,136.655333333333,North Pacific,NW Pacific,North Pacific,Pacific
SITE0444,Wood,"off Lulu bay, Navassa Island",18.3783333333333,-75.0455555555555,North Atlantic,NW Atlantic,North Atlantic,Atlantic
SITE0445,Wood,"Flinders CMR, Tasman Sea, Australia",-40.4732,149.3967,South Pacific,SW Pacific,South Pacific,Pacific
SITE0446,Wood,"East Gippsland CMR, Tasman Sea, Australia",-37.792,150.382,South Pacific,SW Pacific,South Pacific,Pacific
SITE0447,Wood,"Hunter CMR, Tasman Sea, Australia",-32.575,153.1617,South Pacific,SW Pacific,South Pacific,Pacific
SITE0448,Wood,Japan,36.485,141.013333333333,North Pacific,NW Pacific,North Pacific,Pacific
SITE0449,Wood,Japan,36.8616666666666,141.511666666666,North Pacific,NW Pacific,North Pacific,Pacific
SITE0450,Wood,Japan,38.6766666666666,142.02,North Pacific,NW Pacific,North Pacific,Pacific
SITE0451,Wood,Japan,38.655,142.056666666666,North Pacific,NW Pacific,North Pacific,Pacific
SITE0452,Wood,Japan,38.6283333333333,142.075,North Pacific,NW Pacific,North Pacific,Pacific
SITE0453,Wood,Japan,38.65,142.121666666666,North Pacific,NW Pacific,North Pacific,Pacific
SITE0454,Wood,Japan,38.0483333333333,141.94,North Pacific,NW Pacific,North Pacific,Pacific
SITE0455,Wood,Japan,37.975,141.985,North Pacific,NW Pacific,North Pacific,Pacific
SITE0456,Wood,Japan,38.0383333333333,142.035,North Pacific,NW Pacific,North Pacific,Pacific
SITE0457,Wood,Japan,38.0066666666666,142.086666666666,North Pacific,NW Pacific,North Pacific,Pacific
SITE0458,Wood,Japan,37.7183333333333,141.898333333333,North Pacific,NW Pacific,North Pacific,Pacific
SITE0459,Wood,Japan,37.7383333333333,141.913333333333,North Pacific,NW Pacific,North Pacific,Pacific
SITE0460,Wood,Japan,37.6566666666666,142.02,North Pacific,NW Pacific,North Pacific,Pacific
SITE0461,Wood,Japan,37.3583333333333,141.686666666666,North Pacific,NW Pacific,North Pacific,Pacific
SITE0462,Wood,Japan,37.3383333333333,141.72,North Pacific,NW Pacific,North Pacific,Pacific
SITE0463,Wood,Japan,37.325,141.743333333333,North Pacific,NW Pacific,North Pacific,Pacific
SITE0464,Wood,Japan,37.315,141.763333333333,North Pacific,NW Pacific,North Pacific,Pacific
SITE0465,Wood,Japan,37.3266666666666,141.775,North Pacific,NW Pacific,North Pacific,Pacific
SITE0466,Wood,Japan,37.3133333333333,141.786666666666,North Pacific,NW Pacific,North Pacific,Pacific
SITE0467,Wood,Japan,37.3016666666666,141.823333333333,North Pacific,NW Pacific,North Pacific,Pacific
SITE0468,Wood,Japan,36.8866666666666,141.486666666666,North Pacific,NW Pacific,North Pacific,Pacific
SITE0469,Wood,Japan,36.6733333333333,141.26,North Pacific,NW Pacific,North Pacific,Pacific
SITE0470,Wood,Japan,36.625,141.233333333333,North Pacific,NW Pacific,North Pacific,Pacific
SITE0471,Wood,Japan,40.9216666666666,141.715,North Pacific,NW Pacific,North Pacific,Pacific
SITE0472,Wood,Japan,38.6733333333333,141.983333333333,North Pacific,NW Pacific,North Pacific,Pacific
SITE0473,Wood,Japan,38.645,142.036666666666,North Pacific,NW Pacific,North Pacific,Pacific
SITE0474,Wood,Japan,38.6483333333333,142.095,North Pacific,NW Pacific,North Pacific,Pacific
SITE0475,Wood,Japan,38.39,142.026666666666,North Pacific,NW Pacific,North Pacific,Pacific
SITE0476,Wood,Japan,38.0883333333333,142.061666666666,North Pacific,NW Pacific,North Pacific,Pacific
SITE0477,Wood,Japan,38.0666666666666,142.085,North Pacific,NW Pacific,North Pacific,Pacific
SITE0478,Wood,Japan,38.0083333333333,142.086666666666,North Pacific,NW Pacific,North Pacific,Pacific
SITE0479,Wood,Japan,38.0116666666666,142.096666666666,North Pacific,NW Pacific,North Pacific,Pacific
SITE0480,Wood,Japan,37.7166666666666,141.898333333333,North Pacific,NW Pacific,North Pacific,Pacific
SITE0481,Wood,Japan,37.695,141.983333333333,North Pacific,NW Pacific,North Pacific,Pacific
SITE0482,Wood,Japan,36.535,141.1,North Pacific,NW Pacific,North Pacific,Pacific
SITE0483,Wood,Japan,40.8233333333333,141.916666666666,North Pacific,NW Pacific,North Pacific,Pacific
SITE0484,Wood,Japan,40.965,141.708333333333,North Pacific,NW Pacific,North Pacific,Pacific
SITE0485,Wood,Japan,40.9783333333333,141.76,North Pacific,NW Pacific,North Pacific,Pacific
SITE0486,Wood,Japan,40.2233333333333,142.206666666666,North Pacific,NW Pacific,North Pacific,Pacific
SITE0487,Wood,Japan,40.1066666666666,142.251666666666,North Pacific,NW Pacific,North Pacific,Pacific
SITE0488,Wood,Japan,40.2566666666666,142.235,North Pacific,NW Pacific,North Pacific,Pacific
SITE0489,Wood,Japan,40.22,142.261666666666,North Pacific,NW Pacific,North Pacific,Pacific
SITE0490,Wood,Japan,40.2666666666666,142.266666666666,North Pacific,NW Pacific,North Pacific,Pacific
SITE0491,Wood,Japan,40.2816666666666,142.276666666666,North Pacific,NW Pacific,North Pacific,Pacific
SITE0492,Wood,Japan,39.6883333333333,142.21,North Pacific,NW Pacific,North Pacific,Pacific
SITE0493,Wood,Japan,39.875,142.33,North Pacific,NW Pacific,North Pacific,Pacific
SITE0494,Wood,Japan,39.07,142.158333333333,North Pacific,NW Pacific,North Pacific,Pacific
SITE0495,Wood,Japan,40.9883333333333,142.713333333333,North Pacific,NW Pacific,North Pacific,Pacific
SITE0496,Wood,Japan,38.3383333333333,142.028333333333,North Pacific,NW Pacific,North Pacific,Pacific
SITE0497,Wood,Japan,38.67,141.981666666666,North Pacific,NW Pacific,North Pacific,Pacific
SITE0498,Wood,Japan,36.9233333333333,141.415,North Pacific,NW Pacific,North Pacific,Pacific
SITE0499,Wood,Japan,37.3033333333333,141.825,North Pacific,NW Pacific,North Pacific,Pacific
SITE0500,Wood,Japan,45.5333333333333,141.563333333333,North Pacific,NW Pacific,North Pacific,Pacific
SITE0501,Wood,Japan,38.66,142.065,North Pacific,NW Pacific,North Pacific,Pacific
SITE0502,Wood,Japan,36.9533333333333,141.563333333333,North Pacific,NW Pacific,North Pacific,Pacific
SITE0503,Wood,Tongue of the Ocean,24.9333333333333,-77.4833333333333,North Atlantic,NW Atlantic,North Atlantic,Atlantic
SITE0504,Wood,Gulf of Mexico,23.9,-82.35,North Atlantic,NW Atlantic,North Atlantic,Atlantic
SITE0505,Wood,Gulf of Mexico,29.225,-87.975,North Atlantic,NW Atlantic,North Atlantic,Atlantic
SITE0506,Wood,"off Barcelona, Catalonia",41.1188333333333,2.37495,Mediterranean Sea,W Mediterranean,Mediterranean Sea,Mediterranean
SITE0507,Wood,"Venezuelan Basin, Venezuela",14.3333333333333,-67,North Atlantic,NW Atlantic,North Atlantic,Atlantic
SITE0508,Wood,"Venezuelan Basin, Venezuela",13.5,-64.75,North Atlantic,NW Atlantic,North Atlantic,Atlantic
SITE0509,Wood,"Tasman Basin, New Zealand",-44.3,166.766666666666,South Pacific,SW Pacific,South Pacific,Pacific
SITE0510,Wood,"Cascadia abyssal plain, Oregon",44.895,-126.556666666666,North Pacific,NE Pacific,North Pacific,Pacific
SITE0511,Wood,"Monterey Canyon, USA",36.6,-122.433333333333,North Pacific,NE Pacific,North Pacific,Pacific
SITE0512,Wood,"West of Takara, Japan",29.3333333333333,127.616666666666,North Pacific,NW Pacific,North Pacific,Pacific
SITE0513,Wood,"off Shizuoka, Japan",34.8666666666666,138.483333333333,North Pacific,NW Pacific,North Pacific,Pacific
SITE0514,Wood,"SW of Panglao Island, Philippines",9.48333333333333,123.683333333333,North Pacific,NW Pacific,North Pacific,Pacific
SITE0515,Wood,"SE of Fukue Island, Japan",32.5,129.133333333333,North Pacific,NW Pacific,North Pacific,Pacific
SITE0516,Wood,"East of Taisho Island, Japan",25.8,125.45,North Pacific,NW Pacific,North Pacific,Pacific
SITE0517,Wood,"off Southwest Reef, Bahamas",24.9011111111111,-77.5538888888888,North Atlantic,NW Atlantic,North Atlantic,Atlantic
SITE0518,Wood,"Settlement Point, Bahamas",26.6252777777777,-78.9822222222222,North Atlantic,NW Atlantic,North Atlantic,Atlantic
SITE0519,Wood,"off Chateau Belair Bay, Lesser Antilles",13.175,-61.2583333333333,North Atlantic,NW Atlantic,North Atlantic,Atlantic
SITE0520,Wood,Cayman Trough,19.6347222222222,-76.6188888888888,North Atlantic,NW Atlantic,North Atlantic,Atlantic
SITE0521,Wood,Cayman Trough,19.0016666666666,-80.4847222222222,North Atlantic,NW Atlantic,North Atlantic,Atlantic
SITE0522,Wood,Cayman Trough,19.6347222222222,-76.6355555555555,North Atlantic,NW Atlantic,North Atlantic,Atlantic
SITE0523,Wood,Alaska,60.71,-148.066666666666,North Pacific,NE Pacific,North Pacific,Pacific
SITE0524,Wood,"Moresby Island, British Columbia",52.5083333333333,-131.916666666666,North Pacific,NE Pacific,North Pacific,Pacific
SITE0525,Wood,Faroe Channel,59.6666666666666,-7.35,North Atlantic,NE Atlantic,North Atlantic,Atlantic
SITE0526,Wood,off Catalonia,41.0933333333333,2.18,Mediterranean Sea,W Mediterranean,Mediterranean Sea,Mediterranean
SITE0527,Wood,off Catalonia,40.765,1.655,Mediterranean Sea,W Mediterranean,Mediterranean Sea,Mediterranean
SITE0528,Wood,off Catalonia,39.9083333333333,2.36,Mediterranean Sea,W Mediterranean,Mediterranean Sea,Mediterranean
SITE0529,Wood,"North West of dell'Is, Italy",unknown,unknown,Mediterranean Sea,W Mediterranean,Mediterranean Sea,Mediterranean
SITE0530,Wood,"off Sardinia, Italy",unknown,unknown,Mediterranean Sea,W Mediterranean,Mediterranean Sea,Mediterranean
SITE0531,Wood,Puerto Rico Trench,19.6766666666666,-67.3233333333333,North Atlantic,NW Atlantic,North Atlantic,Atlantic
SITE0532,Wood,Cayman Trench,19.6416666666666,-76.63,North Atlantic,NW Atlantic,North Atlantic,Atlantic
SITE0533,Wood,Cayman Trench,19.01,-80.4916666666666,North Atlantic,NW Atlantic,North Atlantic,Atlantic
SITE0534,Wood,"off Rosario Island, Colombia",10.15,-76,North Atlantic,NW Atlantic,North Atlantic,Atlantic
SITE0535,Wood,"off Punta Gloria, Colombia",11.1833333333333,-74.2833333333333,North Atlantic,NW Atlantic,North Atlantic,Atlantic
SITE0536,Wood,"off Arboletes, Colombia",9.03333333333333,-76.6,North Atlantic,NW Atlantic,North Atlantic,Atlantic
SITE0537,Wood,"off Neguanje, Colombia",11.4,-74.15,North Atlantic,NW Atlantic,North Atlantic,Atlantic
SITE0538,Wood,"off Buratica, Colombia",11.3666666666666,-74.1833333333333,North Atlantic,NW Atlantic,North Atlantic,Atlantic
SITE0539,Wood,"off Neguanje, Colombia",11.4,-74.1833333333333,North Atlantic,NW Atlantic,North Atlantic,Atlantic
SITE0540,Wood,"off Buratica, Colombia",11.45,-73.6666666666666,North Atlantic,NW Atlantic,North Atlantic,Atlantic
SITE0541,Wood,"off Ensenada de la Rada, Colombia",9.45,-76.4166666666666,North Atlantic,NW Atlantic,North Atlantic,Atlantic
SITE0542,Wood,"off San Bernardo Island, Colombia",9.76666666666666,-76.2833333333333,North Atlantic,NW Atlantic,North Atlantic,Atlantic
SITE0543,Wood,"off Tolú, Colombia",9.75,-76.25,North Atlantic,NW Atlantic,North Atlantic,Atlantic
SITE0547,Wood,Nile deep-sea fan Wood#5,32.53465,30.3564,Mediterranean Sea,Eastern Mediterranean / Nile deep-sea fan,Mediterranean Sea,Mediterranean
SITE0548,Wood,Nile deep-sea fan Wood#2,32.53271,30.35292,Mediterranean Sea,Eastern Mediterranean / Nile deep-sea fan,Mediterranean Sea,Mediterranean
SITE0549,Wood,Nile deep-sea fan Wood#1,32.53416,30.35208,Mediterranean Sea,Eastern Mediterranean / Nile deep-sea fan,Mediterranean Sea,Mediterranean
SITE0550,Wood,"Nile fan, off Egypt",32.5436111111111,30.355,Mediterranean Sea,E Mediterranean,Mediterranean Sea,Mediterranean
SITE0551,Wood,"Rainbow vent field, MAR",36.2377777777777,-33.9052777777777,North Atlantic,Mid-Atlantic Ridge,North Atlantic,Atlantic
SITE0553,Wood,"Tongue of the Ocean, Bahamas",25.8813333333333,-77.5373333333333,North Atlantic,NW Atlantic,North Atlantic,Atlantic
SITE0554,Wood,"off New England, USA",40.35,-70.3833333333333,North Atlantic,NW Atlantic,North Atlantic,Atlantic
SITE0555,Wood,"Beebe Vent field, Mid-Cayman Spreading Centre",18.3761666666666,-81.6723333333333,North Atlantic,NW Atlantic,North Atlantic,Atlantic
SITE0558,Wood,"Southwest Reef, Tongue of the Ocean, Bahamas",24.2583333333333,-77.55,North Atlantic,NW Atlantic,North Atlantic,Atlantic
SITE0560,Wood,Vanuatu,-15.704,167.0435,South Pacific,SW Pacific,South Pacific,Pacific
SITE0562,Wood,Philippines,14.9972,121.7317,North Pacific,NW Pacific,North Pacific,Pacific
SITE0563,Wood,Vanuatu,-15.6869,167.0284,South Pacific,SW Pacific,South Pacific,Pacific
SITE0564,Wood,Vanuatu,-15.663,167.0273,South Pacific,SW Pacific,South Pacific,Pacific
SITE0565,Wood,Vanuatu,-16.0445,167.5059,South Pacific,SW Pacific,South Pacific,Pacific
SITE0566,Wood,Solomon,-7.6033,157.7075,South Pacific,SW Pacific,South Pacific,Pacific
SITE0567,Wood,"Bohol Sea, Philippines",9.3483,124.145,North Pacific,NW Pacific,North Pacific,Pacific
SITE0568,Wood,Philippines,8.85,123.1667,North Pacific,NW Pacific,North Pacific,Pacific
SITE0569,Wood,Philippines,9.4483,123.575,North Pacific,NW Pacific,North Pacific,Pacific
SITE0570,Wood,"East off Palasan island, Philippines",14.822,123.2265,North Pacific,NW Pacific,North Pacific,Pacific
SITE0571,Wood,"East off Palasan island, Philippines",14.975,123.079,North Pacific,NW Pacific,North Pacific,Pacific
SITE0572,Wood,"East off Palasan island, Philippines",14.7665,123.6553333333333,North Pacific,NW Pacific,North Pacific,Pacific
SITE0573,Wood,"East off Palasan island, Philippines",14.56233333333333,123.2333333333333,North Pacific,NW Pacific,North Pacific,Pacific
SITE0574,Wood,"East off Palasan island, Philippines",15.07233333333333,123.1446666666667,North Pacific,NW Pacific,North Pacific,Pacific
SITE0575,Wood,"East off Palasan island, Philippines",14.82316666666667,123.2195,North Pacific,NW Pacific,North Pacific,Pacific
SITE0576,Wood,"Transect East off Luzon, Philippines",16.01,121.8873333333333,North Pacific,NW Pacific,North Pacific,Pacific
SITE0577,Wood,"Transect East off Luzon, Philippines",15.86766666666667,121.8266666666667,North Pacific,NW Pacific,North Pacific,Pacific
SITE0578,Wood,"Transect East off Luzon, Philippines",15.77833333333333,121.7283333333333,North Pacific,NW Pacific,North Pacific,Pacific
SITE0579,Wood,"Transect East off Luzon, Philippines",14.94233333333333,121.7291666666667,North Pacific,NW Pacific,North Pacific,Pacific
SITE0580,Wood,"Transect East off Luzon, Philippines",15.1845,121.5786666666667,North Pacific,NW Pacific,North Pacific,Pacific
SITE0581,Wood,"Transect East off Luzon, Philippines",14.4895,121.708,North Pacific,NW Pacific,North Pacific,Pacific
SITE0582,Wood,"Transect East off Luzon, Philippines",14.4515,121.7853333333333,North Pacific,NW Pacific,North Pacific,Pacific
SITE0583,Wood,"Transect East off Luzon, Philippines",14.4005,121.7805,North Pacific,NW Pacific,North Pacific,Pacific
SITE0584,Wood,"Transect East off Luzon, Philippines",16.0225,121.851,North Pacific,NW Pacific,North Pacific,Pacific
SITE0585,Wood,"Transect East off Luzon, Philippines",15.4505,121.5938333333333,North Pacific,NW Pacific,North Pacific,Pacific
SITE0586,Wood,"Transect East off Luzon, Philippines",16.0445,121.922,North Pacific,NW Pacific,North Pacific,Pacific
SITE0587,Wood,"Transect East off Luzon, Philippines",15.60666666666667,121.9335,North Pacific,NW Pacific,North Pacific,Pacific
SITE0588,Wood,"Transect East off Luzon, Philippines",15.65416666666667,121.9821666666667,North Pacific,NW Pacific,North Pacific,Pacific
SITE0589,Wood,"off Pamilacan Island, Philippines",9.526666666666667,123.9283333333333,North Pacific,NW Pacific,North Pacific,Pacific
SITE0590,Wood,"Bohol Sea, Philippines",9.448333333333334,123.575,North Pacific,NW Pacific,North Pacific,Pacific
SITE0591,Wood,"Bohol Sea, Philippines",9.465,123.64,North Pacific,NW Pacific,North Pacific,Pacific
SITE0592,Wood,"Bohol Sea, Philippines",9.501666666666667,123.6933333333333,North Pacific,NW Pacific,North Pacific,Pacific
SITE0593,Wood,"Bohol Sea, Philippines",9.476666666666667,123.6666666666667,North Pacific,NW Pacific,North Pacific,Pacific
SITE0594,Wood,"Bohol Sea, Philippines",9.581666666666667,123.695,North Pacific,NW Pacific,North Pacific,Pacific
SITE0595,Wood,"Bohol Sea, Philippines",9.65,123.7683333333333,North Pacific,NW Pacific,North Pacific,Pacific
SITE0596,Wood,"Bohol Sea, Philippines",8.868333333333334,123.6183333333333,North Pacific,NW Pacific,North Pacific,Pacific
SITE0597,Wood,"Bohol Sea, Philippines",8.815,123.6266666666667,North Pacific,NW Pacific,North Pacific,Pacific
SITE0598,Wood,"Bohol Sea, Philippines",8.885,123.5583333333333,North Pacific,NW Pacific,North Pacific,Pacific
SITE0599,Wood,"Bohol Sea, Philippines",8.645,123.2666666666667,North Pacific,NW Pacific,North Pacific,Pacific
SITE0600,Wood,"Bohol Sea, Philippines",8.688333333333333,123.2966666666667,North Pacific,NW Pacific,North Pacific,Pacific
SITE0601,Wood,"Bohol Sea, Philippines",8.721666666666666,123.3166666666667,North Pacific,NW Pacific,North Pacific,Pacific
SITE0602,Wood,"Bohol Sea, Philippines",8.745,123.3083333333333,North Pacific,NW Pacific,North Pacific,Pacific
SITE0603,Wood,"Santa Isabel, Solomon Islands",-8.295,160.0148333333333,South Pacific,SW Pacific,South Pacific,Pacific
SITE0604,Wood,"Santa Isabel, Solomon Islands",-8.28,159.9671666666667,South Pacific,SW Pacific,South Pacific,Pacific
SITE0605,Wood,"Santa Isabel, Solomon Islands",-7.70833333333333,158.4828333333333,South Pacific,SW Pacific,South Pacific,Pacific
SITE0606,Wood,"Choiseul island, Solomon Islands",-7.55833333333333,157.705,South Pacific,SW Pacific,South Pacific,Pacific
SITE0607,Wood,"Vella Lavella island, Solomon Islands",-7.83533333333333,156.881,South Pacific,SW Pacific,South Pacific,Pacific
SITE0608,Wood,"Vella Lavella island, Solomon Islands",-7.79833333333333,156.8983333333333,South Pacific,SW Pacific,South Pacific,Pacific
SITE0609,Wood,"Rendova island, Solomon Islands",-8.664,157.3918333333333,South Pacific,SW Pacific,South Pacific,Pacific
SITE0610,Wood,Chesterfield islands,-20.8771666666667,160.9948333333333,South Pacific,SW Pacific,South Pacific,Pacific
SITE0611,Wood,North Espiritu Santo,-14.9418333333333,166.9358333333333,South Pacific,SW Pacific,South Pacific,Pacific
SITE0612,Wood,North Espiritu Santo,-15.0235,166.896,South Pacific,SW Pacific,South Pacific,Pacific
SITE0613,Wood,North Espiritu Santo,-15.011,166.9245,South Pacific,SW Pacific,South Pacific,Pacific
SITE0614,Wood,North Espiritu Santo,-15.0236666666667,166.896,South Pacific,SW Pacific,South Pacific,Pacific
SITE0615,Wood,North Espiritu Santo,-14.9173333333333,166.9593333333333,South Pacific,SW Pacific,South Pacific,Pacific
SITE0616,Wood,North Espiritu Santo,-15.1338333333333,166.8475,South Pacific,SW Pacific,South Pacific,Pacific
SITE0617,Wood,North Espiritu Santo,-15.1483333333333,166.8931666666667,South Pacific,SW Pacific,South Pacific,Pacific
SITE0618,Wood,North Espiritu Santo,-15.115,166.88,South Pacific,SW Pacific,South Pacific,Pacific
SITE0619,Wood,North Espiritu Santo,-15.1366666666667,166.89,South Pacific,SW Pacific,South Pacific,Pacific
SITE0620,Wood,Nord West Malo Island,-15.6333333333333,167.0333333333333,South Pacific,SW Pacific,South Pacific,Pacific
SITE0621,Wood,Nord West Malo Island,-15.6266666666667,167.085,South Pacific,SW Pacific,South Pacific,Pacific
SITE0622,Wood,West Malo Island,-15.6733333333333,167.0166666666667,South Pacific,SW Pacific,South Pacific,Pacific
SITE0623,Wood,West Malo Island,-15.645,167.02,South Pacific,SW Pacific,South Pacific,Pacific
SITE0624,Wood,West Malo Island,-15.688,167.0483333333333,South Pacific,SW Pacific,South Pacific,Pacific
SITE0625,Wood,Nord Est Malekula Island,-16.0066666666667,167.6383333333333,South Pacific,SW Pacific,South Pacific,Pacific
SITE0626,Wood,South Malekula island,-16.7213333333333,167.8073333333333,South Pacific,SW Pacific,South Pacific,Pacific
SITE0627,Wood,South Malekula island,-16.7208333333333,167.8476666666667,South Pacific,SW Pacific,South Pacific,Pacific
SITE0628,Wood,Fiji,-16.658,179.616,South Pacific,SW Pacific,South Pacific,Pacific
SITE0629,Wood,"Malo, Vanuatu",-15.7333333333333,167.035,South Pacific,SW Pacific,South Pacific,Pacific
SITE0630,Wood,"Malo, Vanuatu",-15.6933333333333,167.035,South Pacific,SW Pacific,South Pacific,Pacific
SITE0631,Wood,"Big Bay, Vanuatu",-15.0766666666666,166.891666666666,South Pacific,SW Pacific,South Pacific,Pacific
SITE0632,Wood,"Big Bay, Vanuatu",-15.0516666666666,166.88,South Pacific,SW Pacific,South Pacific,Pacific
SITE0633,Wood,"Big Bay, Vanuatu",-15.0533333333333,166.878333333333,South Pacific,SW Pacific,South Pacific,Pacific
SITE0634,Wood,"Big Bay, Vanuatu",-15.0283333333333,166.905,South Pacific,SW Pacific,South Pacific,Pacific
SITE0635,Wood,"Big Bay, Vanuatu",-14.995,166.918333333333,South Pacific,SW Pacific,South Pacific,Pacific
SITE0636,Wood,"Big Bay, Vanuatu",-14.9516666666666,166.918333333333,South Pacific,SW Pacific,South Pacific,Pacific
SITE0637,Wood,"Big Bay, Vanuatu",-14.9183333333333,166.923333333333,South Pacific,SW Pacific,South Pacific,Pacific
SITE0638,Wood,"Big Bay, Vanuatu",-14.8916666666666,166.855,South Pacific,SW Pacific,South Pacific,Pacific
SITE0639,Wood,"Big Bay, Vanuatu",-14.9033333333333,166.856666666666,South Pacific,SW Pacific,South Pacific,Pacific
SITE0640,Wood,"Big Bay, Vanuatu",-15.06,166.87,South Pacific,SW Pacific,South Pacific,Pacific
SITE0641,Wood,Vanuatu,-15.0066666666667,166.86,South Pacific,SW Pacific,South Pacific,Pacific
SITE0642,Wood,Vanuatu,-15.0483333333333,166.9,South Pacific,SW Pacific,South Pacific,Pacific
SITE0643,Wood,Vanuatu,-15.035,166.9166666666667,South Pacific,SW Pacific,South Pacific,Pacific
SITE0644,Wood,Vanuatu,-14.995,166.9166666666667,South Pacific,SW Pacific,South Pacific,Pacific
SITE0645,Wood,Vanuatu,-14.975,166.905,South Pacific,SW Pacific,South Pacific,Pacific
SITE0646,Wood,Vanuatu,-14.8983333333333,166.8583333333333,South Pacific,SW Pacific,South Pacific,Pacific
SITE0647,Wood,Vanuatu,-14.8516666666667,166.8966666666667,South Pacific,SW Pacific,South Pacific,Pacific
SITE0648,Wood,Vanuatu,-14.9033333333333,166.95,South Pacific,SW Pacific,South Pacific,Pacific
SITE0649,Wood,VANUATU: Fond Bay,-15.11,166.8466666666667,South Pacific,SW Pacific,South Pacific,Pacific
SITE0650,Wood,VANUATU,-16.5916666666667,167.965,South Pacific,SW Pacific,South Pacific,Pacific
SITE0651,Wood,VANUATU,-16.625,167.9566666666667,South Pacific,SW Pacific,South Pacific,Pacific
SITE0652,Wood,VANUATU,-16.6566666666667,167.96,South Pacific,SW Pacific,South Pacific,Pacific
SITE0653,Wood,VANUATU,-16.705,167.9783333333333,South Pacific,SW Pacific,South Pacific,Pacific
SITE0654,Wood,VANUATU,-16.715,167.98,South Pacific,SW Pacific,South Pacific,Pacific
SITE0655,Wood,VANUATU,-16.735,167.9866666666667,South Pacific,SW Pacific,South Pacific,Pacific
SITE0656,Wood,VANUATU,-16.755,167.985,South Pacific,SW Pacific,South Pacific,Pacific
SITE0657,Wood,VANUATU,-16.5116666666667,167.925,South Pacific,SW Pacific,South Pacific,Pacific
SITE0658,Wood,VANUATU,-16.42,167.8733333333333,South Pacific,SW Pacific,South Pacific,Pacific
SITE0659,Wood,VANUATU,-16.34,167.8066666666667,South Pacific,SW Pacific,South Pacific,Pacific
SITE0660,Wood,VANUATU,-16.3066666666667,167.78,South Pacific,SW Pacific,South Pacific,Pacific
SITE0661,Wood,VANUATU,-16.75,167.8633333333333,South Pacific,SW Pacific,South Pacific,Pacific
SITE0662,Wood,"Bohol Sea, Philippines",8.7,123.2216666666667,North Pacific,NW Pacific,North Pacific,Pacific
SITE0663,Wood,"Bohol Sea, Philippines",9.653333333333334,123.7916666666667,North Pacific,NW Pacific,North Pacific,Pacific
SITE0664,Wood,"Bohol Sea, Philippines",9.636666666666667,123.725,North Pacific,NW Pacific,North Pacific,Pacific
SITE0665,Wood,"Bohol Sea, Philippines",9.571666666666667,123.63,North Pacific,NW Pacific,North Pacific,Pacific
SITE0666,Wood,"Bohol Sea, Philippines",9.538333333333334,123.655,North Pacific,NW Pacific,North Pacific,Pacific
SITE0667,Wood,"Bohol Sea, Philippines",9.49,123.74,North Pacific,NW Pacific,North Pacific,Pacific
SITE0668,Wood,"Bohol Sea, Philippines",9.456666666666667,123.8233333333333,North Pacific,NW Pacific,North Pacific,Pacific
SITE0669,Wood,"Bohol Sea, Philippines",9.473333333333333,123.835,North Pacific,NW Pacific,North Pacific,Pacific
SITE0671,Wood,"Bohol Sea, Philippines",9.455,124.0516666666667,North Pacific,NW Pacific,North Pacific,Pacific
SITE0672,Wood,"Bohol Sea, Philippines",9.426666666666666,124.035,North Pacific,NW Pacific,North Pacific,Pacific
SITE0673,Wood,"Bohol Sea, Philippines",9.433333333333334,124.1083333333333,North Pacific,NW Pacific,North Pacific,Pacific
SITE0674,Wood,"Bohol Sea, Philippines",9.405,124.1783333333333,North Pacific,NW Pacific,North Pacific,Pacific
SITE0675,Wood,"Bohol Sea, Philippines",9.348333333333333,124.145,North Pacific,NW Pacific,North Pacific,Pacific
SITE0676,Wood,"Bohol Sea, Philippines",9.335,124.055,North Pacific,NW Pacific,North Pacific,Pacific
SITE0677,Wood,"Bohol Sea, Philippines",8.868333333333334,123.6183333333333,North Pacific,NW Pacific,North Pacific,Pacific
SITE0678,Wood,"Bohol Sea, Philippines",8.831666666666667,123.5816666666667,North Pacific,NW Pacific,North Pacific,Pacific
SITE0679,Wood,"Bohol Sea, Philippines",8.815,123.6266666666667,North Pacific,NW Pacific,North Pacific,Pacific
SITE0680,Wood,"Bohol Sea, Philippines",8.885,123.5583333333333,North Pacific,NW Pacific,North Pacific,Pacific
SITE0681,Wood,"Bohol Sea, Philippines",8.941666666666666,123.545,North Pacific,NW Pacific,North Pacific,Pacific
SITE0682,Wood,"Bohol Sea, Philippines",9.1,123.4166666666667,North Pacific,NW Pacific,North Pacific,Pacific
SITE0683,Wood,"Bohol Sea, Philippines",8.645,123.2666666666667,North Pacific,NW Pacific,North Pacific,Pacific
SITE0684,Wood,"Bohol Sea, Philippines",8.688333333333333,123.2966666666667,North Pacific,NW Pacific,North Pacific,Pacific
SITE0685,Wood,"Bohol Sea, Philippines",8.721666666666666,123.3166666666667,North Pacific,NW Pacific,North Pacific,Pacific
SITE0686,Wood,"Bohol Sea, Philippines",8.745,123.3083333333333,North Pacific,NW Pacific,North Pacific,Pacific
SITE0687,Wood,"Bohol Sea, Philippines",8.77,123.2683333333333,North Pacific,NW Pacific,North Pacific,Pacific
SITE0688,Wood,"Bohol Sea, Philippines",8.85,123.1666666666667,North Pacific,NW Pacific,North Pacific,Pacific
SITE0689,Wood,"Bohol Sea, Philippines",8.855,122.9816666666667,North Pacific,NW Pacific,North Pacific,Pacific
SITE0690,Wood,"Bohol Sea, Philippines",9.448333333333334,123.575,North Pacific,NW Pacific,North Pacific,Pacific
SITE0691,Wood,"Bohol Sea, Philippines",9.483333333333333,123.685,North Pacific,NW Pacific,North Pacific,Pacific
SITE0692,Wood,"Bohol Sea, Philippines",9.501666666666667,123.6933333333333,North Pacific,NW Pacific,North Pacific,Pacific
SITE0693,Wood,"Bohol Sea, Philippines",9.476666666666667,123.6666666666667,North Pacific,NW Pacific,North Pacific,Pacific
SITE0694,Wood,"Bohol Sea, Philippines",9.603333333333333,123.73,North Pacific,NW Pacific,North Pacific,Pacific
SITE0695,Wood,"Bohol Sea, Philippines",9.605,123.7,North Pacific,NW Pacific,North Pacific,Pacific
SITE0696,Wood,"Bohol Sea, Philippines",9.581666666666667,123.695,North Pacific,NW Pacific,North Pacific,Pacific
SITE0697,Wood,"Bohol Sea, Philippines",9.543333333333333,123.675,North Pacific,NW Pacific,North Pacific,Pacific
SITE0698,Wood,"Bohol Sea, Philippines",9.656666666666666,123.7216666666667,North Pacific,NW Pacific,North Pacific,Pacific
SITE0699,Wood,"Bohol Sea, Philippines",9.676666666666666,123.78,North Pacific,NW Pacific,North Pacific,Pacific
SITE0700,Wood,"Bohol Sea, Philippines",9.688333333333333,123.8083333333333,North Pacific,NW Pacific,North Pacific,Pacific
SITE0701,Wood,"Bohol Sea, Philippines",9.725,123.785,North Pacific,NW Pacific,North Pacific,Pacific
SITE0702,Wood,"Bohol Sea, Philippines",9.516666666666667,123.6733333333333,North Pacific,NW Pacific,North Pacific,Pacific
SITE0703,Wood,Solomon Islands,-9.33166666666667,160.44,South Pacific,SW Pacific,South Pacific,Pacific
SITE0704,Wood,Solomon Islands,-9.34,159.97,South Pacific,SW Pacific,South Pacific,Pacific
SITE0705,Wood,Solomon Islands,-9.34833333333333,159.9366666666667,South Pacific,SW Pacific,South Pacific,Pacific
SITE0706,Wood,Solomon Islands,-9.17333333333333,159.8833333333333,South Pacific,SW Pacific,South Pacific,Pacific
SITE0707,Wood,Solomon Islands,-9.115,159.8866666666667,South Pacific,SW Pacific,South Pacific,Pacific
SITE0708,Wood,Solomon Islands,-9.045,159.8233333333333,South Pacific,SW Pacific,South Pacific,Pacific
SITE0709,Wood,Solomon Islands,-9.00166666666667,159.8166666666667,South Pacific,SW Pacific,South Pacific,Pacific
SITE0710,Wood,Solomon Islands,-8.97,159.6933333333333,South Pacific,SW Pacific,South Pacific,Pacific
SITE0711,Wood,Solomon Islands,-8.52,160.6283333333333,South Pacific,SW Pacific,South Pacific,Pacific
SITE0712,Wood,Solomon Islands,-8.54666666666667,160.695,South Pacific,SW Pacific,South Pacific,Pacific
SITE0713,Wood,Solomon Islands,-9.355,160.41,South Pacific,SW Pacific,South Pacific,Pacific
SITE0714,Wood,Solomon Islands,-9.25666666666667,160.1483333333333,South Pacific,SW Pacific,South Pacific,Pacific
SITE0715,Wood,Solomon Islands,-9.26833333333333,160.1283333333333,South Pacific,SW Pacific,South Pacific,Pacific
SITE0716,Wood,Solomon Islands,-9.31333333333333,160.3816666666667,South Pacific,SW Pacific,South Pacific,Pacific
SITE0717,Wood,Solomon Islands,-9.32,160.4233333333333,South Pacific,SW Pacific,South Pacific,Pacific
SITE0718,Wood,Solomon Islands,-9.35,160.4866666666667,South Pacific,SW Pacific,South Pacific,Pacific
SITE0719,Wood,Solomon Islands,-9.35666666666667,160.3983333333333,South Pacific,SW Pacific,South Pacific,Pacific
SITE0720,Wood,Solomon Islands,-9.535,160.6216666666667,South Pacific,SW Pacific,South Pacific,Pacific
SITE0721,Wood,Solomon Islands,-9.53333333333333,160.6233333333333,South Pacific,SW Pacific,South Pacific,Pacific
SITE0722,Wood,Solomon Islands,-9.58333333333333,160.7116666666667,South Pacific,SW Pacific,South Pacific,Pacific
SITE0723,Wood,Solomon Islands,-9.63166666666667,160.8283333333333,South Pacific,SW Pacific,South Pacific,Pacific
SITE0724,Wood,Solomon Islands,-9.70333333333333,160.88,South Pacific,SW Pacific,South Pacific,Pacific
SITE0725,Wood,Solomon Islands,-9.54333333333333,160.6216666666667,South Pacific,SW Pacific,South Pacific,Pacific
SITE0726,Wood,Solomon Islands,-8.81,159.7216666666667,South Pacific,SW Pacific,South Pacific,Pacific
SITE0727,Wood,Solomon Islands,-8.78166666666667,159.6633333333333,South Pacific,SW Pacific,South Pacific,Pacific
SITE0728,Wood,Solomon Islands,-8.78333333333333,159.6316666666667,South Pacific,SW Pacific,South Pacific,Pacific
SITE0729,Wood,Solomon Islands,-8.28166666666667,159.995,South Pacific,SW Pacific,South Pacific,Pacific
SITE0730,Wood,Solomon Islands,-8.28333333333333,160,South Pacific,SW Pacific,South Pacific,Pacific
SITE0731,Wood,Solomon Islands,-8.29166666666667,159.9966666666667,South Pacific,SW Pacific,South Pacific,Pacific
SITE0732,Wood,Solomon Islands,-8.32666666666667,160.0316666666667,South Pacific,SW Pacific,South Pacific,Pacific
SITE0733,Wood,Solomon Islands,-8.39833333333333,159.4433333333333,South Pacific,SW Pacific,South Pacific,Pacific
SITE0734,Wood,Solomon Islands,-8.41333333333333,159.445,South Pacific,SW Pacific,South Pacific,Pacific
SITE0735,Wood,Solomon Islands,-8.425,159.44,South Pacific,SW Pacific,South Pacific,Pacific
SITE0736,Wood,Solomon Islands,-8.42666666666667,159.4316666666667,South Pacific,SW Pacific,South Pacific,Pacific
SITE0737,Wood,Solomon Islands,-7.72666666666667,158.5,South Pacific,SW Pacific,South Pacific,Pacific
SITE0738,Wood,Solomon Islands,-7.72333333333333,158.4833333333333,South Pacific,SW Pacific,South Pacific,Pacific
SITE0739,Wood,Solomon Islands,-7.59833333333333,157.7066666666667,South Pacific,SW Pacific,South Pacific,Pacific
SITE0740,Wood,Solomon Islands,-7.63,157.695,South Pacific,SW Pacific,South Pacific,Pacific
SITE0741,Wood,Solomon Islands,-7.645,157.715,South Pacific,SW Pacific,South Pacific,Pacific
SITE0742,Wood,Solomon Islands,-7.73833333333333,157.705,South Pacific,SW Pacific,South Pacific,Pacific
SITE0743,Wood,Solomon Islands,-7.755,157.6566666666667,South Pacific,SW Pacific,South Pacific,Pacific
SITE0744,Wood,Solomon Islands,-7.82166666666667,157.6866666666667,South Pacific,SW Pacific,South Pacific,Pacific
SITE0745,Wood,Solomon Islands,-7.93833333333333,157.5766666666667,South Pacific,SW Pacific,South Pacific,Pacific
SITE0746,Wood,Solomon Islands,-7.97166666666667,157.5733333333333,South Pacific,SW Pacific,South Pacific,Pacific
SITE0747,Wood,Solomon Islands,-7.96833333333333,157.565,South Pacific,SW Pacific,South Pacific,Pacific
SITE0748,Wood,Solomon Islands,-6.65,156.2383333333333,South Pacific,SW Pacific,South Pacific,Pacific
SITE0749,Wood,Solomon Islands,-6.62,156.2116666666667,South Pacific,SW Pacific,South Pacific,Pacific
SITE0750,Wood,Solomon Islands,-6.57833333333333,156.175,South Pacific,SW Pacific,South Pacific,Pacific
SITE0751,Wood,Solomon Islands,-6.92166666666667,156.3533333333333,South Pacific,SW Pacific,South Pacific,Pacific
SITE0752,Wood,Solomon Islands,-7.715,156.455,South Pacific,SW Pacific,South Pacific,Pacific
SITE0753,Wood,Solomon Islands,-7.75,156.445,South Pacific,SW Pacific,South Pacific,Pacific
SITE0754,Wood,Solomon Islands,-7.71833333333333,156.4333333333333,South Pacific,SW Pacific,South Pacific,Pacific
SITE0755,Wood,Solomon Islands,-7.71,156.41,South Pacific,SW Pacific,South Pacific,Pacific
SITE0756,Wood,Solomon Islands,-7.74833333333333,156.4116666666667,South Pacific,SW Pacific,South Pacific,Pacific
SITE0757,Wood,Solomon Islands,-7.70833333333333,156.4133333333333,South Pacific,SW Pacific,South Pacific,Pacific
SITE0758,Wood,Solomon Islands,-7.47333333333333,156.2916666666667,South Pacific,SW Pacific,South Pacific,Pacific
SITE0759,Wood,Solomon Islands,-7.44166666666667,156.25,South Pacific,SW Pacific,South Pacific,Pacific
SITE0760,Wood,Solomon Islands,-7.94,156.8533333333333,South Pacific,SW Pacific,South Pacific,Pacific
SITE0761,Wood,Solomon Islands,-7.91333333333333,156.855,South Pacific,SW Pacific,South Pacific,Pacific
SITE0762,Wood,Solomon Islands,-7.87333333333333,156.85,South Pacific,SW Pacific,South Pacific,Pacific
SITE0763,Wood,Solomon Islands,-7.8,156.8666666666667,South Pacific,SW Pacific,South Pacific,Pacific
SITE0764,Wood,Solomon Islands,-7.81166666666667,156.8883333333333,South Pacific,SW Pacific,South Pacific,Pacific
SITE0765,Wood,Solomon Islands,-7.63166666666667,156.98,South Pacific,SW Pacific,South Pacific,Pacific
SITE0766,Wood,Solomon Islands,-8.93666666666667,157.735,South Pacific,SW Pacific,South Pacific,Pacific
SITE0767,Wood,Solomon Islands,-8.53,157.7133333333333,South Pacific,SW Pacific,South Pacific,Pacific
SITE0768,Wood,Solomon Islands,-8.69166666666667,157.6366666666667,South Pacific,SW Pacific,South Pacific,Pacific
SITE0769,Wood,Solomon Islands,-8.64,157.3583333333333,South Pacific,SW Pacific,South Pacific,Pacific
SITE0770,Wood,Solomon Islands,-8.65833333333333,157.3833333333333,South Pacific,SW Pacific,South Pacific,Pacific
SITE0771,Wood,Solomon Islands,-8.605,157.4416666666667,South Pacific,SW Pacific,South Pacific,Pacific
SITE0772,Wood,Solomon Islands,-8.65333333333333,157.4433333333333,South Pacific,SW Pacific,South Pacific,Pacific
SITE0773,Wood,Solomon Islands,-8.955,159.0833333333333,South Pacific,SW Pacific,South Pacific,Pacific
SITE0774,Wood,Solomon Islands,-8.69333333333333,159.6733333333333,South Pacific,SW Pacific,South Pacific,Pacific
SITE0775,Wood,Solomon Islands,-8.125,156.9966666666667,South Pacific,SW Pacific,South Pacific,Pacific
SITE0776,Wood,Solomon Islands,-7.91333333333333,156.8766666666667,South Pacific,SW Pacific,South Pacific,Pacific
SITE0777,Wood,Solomon Islands,-8.63666666666667,157.3583333333333,South Pacific,SW Pacific,South Pacific,Pacific
SITE0778,Wood,Solomon Islands,-7.65,157.716666666666,South Pacific,SW Pacific,South Pacific,Pacific
SITE0779,Wood,Philippines,15.45,121.6,North Pacific,NW Pacific,North Pacific,Pacific
SITE0780,Wood,Philippines,15.0166666666666,121.75,North Pacific,NW Pacific,North Pacific,Pacific
SITE0781,Wood,Philippines,16.0166666666666,121.85,North Pacific,NW Pacific,North Pacific,Pacific
SITE0782,Wood,Philippines,15.35,121.566666666666,North Pacific,NW Pacific,North Pacific,Pacific
SITE0783,Wood,Philippines,8.81666666666666,123.033333333333,North Pacific,NW Pacific,North Pacific,Pacific
SITE0784,Wood,Philippines,9.35,124.15,North Pacific,NW Pacific,North Pacific,Pacific
SITE0785,Wood,Solomon Islands,-8.28333333333333,160.15,South Pacific,SW Pacific,South Pacific,Pacific
SITE0786,Wood,VANUATU,-15.5333333333333,167.366666666666,South Pacific,SW Pacific,South Pacific,Pacific
SITE0787,Wood,VANUATU,-15.0166666666666,166.866666666666,South Pacific,SW Pacific,South Pacific,Pacific
SITE0788,Wood,Solomon Islands,-8.4,159.366666666666,South Pacific,SW Pacific,South Pacific,Pacific
SITE0789,Wood,Philippines,14.8333333333333,123.583333333333,North Pacific,NW Pacific,North Pacific,Pacific
SITE0790,Wood,Philippines,15.0333333333333,123.183333333333,North Pacific,NW Pacific,North Pacific,Pacific
SITE0791,Wood,Solomon Islands,-7.96666666666666,157.566666666666,South Pacific,SW Pacific,South Pacific,Pacific
SITE0792,Wood,Solomon Islands,-7.73333333333333,157.7,South Pacific,SW Pacific,South Pacific,Pacific
SITE0793,Wood,Solomon Islands,-8.81666666666666,159.716666666666,South Pacific,SW Pacific,South Pacific,Pacific
SITE0794,Wood,Philippines,9.46666666666666,123.633333333333,North Pacific,NW Pacific,North Pacific,Pacific
SITE0795,Wood,Philippines,9.6,123.7,North Pacific,NW Pacific,North Pacific,Pacific
SITE0796,Wood,Philippines,15.3333333333333,121.616666666666,North Pacific,NW Pacific,North Pacific,Pacific
SITE0797,Wood,Solomon Islands,-6.61666666666666,156.216666666666,South Pacific,SW Pacific,South Pacific,Pacific
SITE0798,Wood,Solomon Islands,-8.6,157.433333333333,South Pacific,SW Pacific,South Pacific,Pacific
SITE0799,Wood,Solomon Islands,-8.43333333333333,159.433333333333,South Pacific,SW Pacific,South Pacific,Pacific
SITE0800,Wood,Philippines,9.53333333333333,123.7,North Pacific,NW Pacific,North Pacific,Pacific
SITE0801,Wood,Philippines,9.5,123.866666666666,North Pacific,NW Pacific,North Pacific,Pacific
SITE0802,Wood,Vanuatu,-16.6233333333333,167.996666666666,South Pacific,SW Pacific,South Pacific,Pacific
SITE0803,Wood,Papua New Guinea,-2.4,150.566666666666,South Pacific,SW Pacific,South Pacific,Pacific
SITE0804,Wood,Solomon Islands,-7.56666666666666,157.7,South Pacific,SW Pacific,South Pacific,Pacific
SITE0805,Wood,Solomon Islands,-7.71666666666666,156.45,South Pacific,SW Pacific,South Pacific,Pacific
SITE0806,Wood,VANUATU,-15.7166666666666,167.05,South Pacific,SW Pacific,South Pacific,Pacific
SITE0809,Wood,Philippines,8.85,122.981666666666,North Pacific,NW Pacific,North Pacific,Pacific
SITE0811,Wood,Papua New Guinea,-6.93083333333333,147.137,South Pacific,SW Pacific,South Pacific,Pacific
SITE0812,Wood,Papua New Guinea,-6.78299999999999,147.208833333333,South Pacific,SW Pacific,South Pacific,Pacific
SITE0813,Wood,Papua New Guinea,-2.23333333333333,150.251666666666,South Pacific,SW Pacific,South Pacific,Pacific
SITE0814,Wood,Papua New Guinea,-5.07066666666666,152.0035,South Pacific,SW Pacific,South Pacific,Pacific
SITE0815,Wood,Papua New Guinea,-5.06816666666666,152.046333333333,South Pacific,SW Pacific,South Pacific,Pacific
SITE0816,Wood,Solomon Islands,-6.62666666666666,156.219166666666,South Pacific,SW Pacific,South Pacific,Pacific
SITE0817,Wood,Solomon Islands,-6.63783333333333,156.22,South Pacific,SW Pacific,South Pacific,Pacific
SITE0818,Wood,Solomon Islands,-7.74166666666666,156.465,South Pacific,SW Pacific,South Pacific,Pacific
SITE0819,Wood,Solomon Islands,-7.71383333333333,156.4075,South Pacific,SW Pacific,South Pacific,Pacific
SITE0820,Wood,Solomon Islands,-7.7535,156.426833333333,South Pacific,SW Pacific,South Pacific,Pacific
SITE0821,Wood,Solomon Islands,-7.95833333333333,156.855833333333,South Pacific,SW Pacific,South Pacific,Pacific
SITE0822,Wood,Solomon Islands,-7.90583333333333,156.847666666666,South Pacific,SW Pacific,South Pacific,Pacific
SITE0823,Wood,Vanuatu,-15.0513333333333,166.935,South Pacific,SW Pacific,South Pacific,Pacific
SITE0826,Wood,Vanuatu,-16.458,167.913,South Pacific,SW Pacific,South Pacific,Pacific
SITE0827,Wood,Vanuatu,-16.0445,167.505833333333,South Pacific,SW Pacific,South Pacific,Pacific
SITE0828,Wood,Vanuatu,-16.6246666666666,167.958833333333,South Pacific,SW Pacific,South Pacific,Pacific
SITE0829,Wood,Vanuatu,-16.4603333333333,167.894333333333,South Pacific,SW Pacific,South Pacific,Pacific
SITE0830,Wood,Vanuatu,-16.62333,167.996666666666,South Pacific,SW Pacific,South Pacific,Pacific
SITE0831,Wood,Vanuatu,-15.6963333333333,167.063833333333,South Pacific,SW Pacific,South Pacific,Pacific
SITE0832,Wood,"Blanes canyon, Catalonia",41.5702,2.83865,Mediterranean Sea,W Mediterranean,Mediterranean Sea,Mediterranean
SITE0833,Wood,"Blanes canyon, Catalonia",41.5208333333333,2.84722222222222,Mediterranean Sea,W Mediterranean,Mediterranean Sea,Mediterranean
SITE0834,Wood,"Blanes canyon, Catalonia",41.5208499999999,2.84701666666666,Mediterranean Sea,W Mediterranean,Mediterranean Sea,Mediterranean
SITE0835,Wood,"Blanes canyon, Catalonia",41.458,2.88277777777777,Mediterranean Sea,W Mediterranean,Mediterranean Sea,Mediterranean
SITE0836,Wood,"Blanes canyon, Catalonia",41.2192222222222,2.81527777777777,Mediterranean Sea,W Mediterranean,Mediterranean Sea,Mediterranean
SITE0837,Wood,"Blanes canyon, Catalonia",41.2191638888888,2.81512777777777,Mediterranean Sea,W Mediterranean,Mediterranean Sea,Mediterranean
SITE0838,Wood,"Blanes canyon, Catalonia",41.1501638888888,2.89666666666666,Mediterranean Sea,W Mediterranean,Mediterranean Sea,Mediterranean
SITE0839,Wood,"Blanes canyon, Catalonia",41.0811638888888,2.96916666666666,Mediterranean Sea,W Mediterranean,Mediterranean Sea,Mediterranean
SITE0840,Wood,"La Fonera canyon, Catalonia",41.8909027777777,3.24588888888888,Mediterranean Sea,W Mediterranean,Mediterranean Sea,Mediterranean
SITE0842,Wood,"Avilés canyon, Spain",43.9685833333333,-6.51413888888888,North Atlantic,NE Atlantic,North Atlantic,Atlantic
SITE0843,Wood,Rainbow vent field,36.229,-33.9008333333333,North Atlantic,North Atlantic,North Atlantic,Atlantic
SITE0844,Wood,"Lacaze-Duthiers canyon, France",42.5453333333333,3.42116666666666,Mediterranean Sea,W Mediterranean,Mediterranean Sea,Mediterranean
SITE0845,Wood,"Lacaze-Duthiers canyon, France",42.5453833333333,3.42108333333333,Mediterranean Sea,W Mediterranean,Mediterranean Sea,Mediterranean
SITE0846,Wood,"Lacaze-Duthiers canyon, France",42.5452833333333,3.42176666666666,Mediterranean Sea,W Mediterranean,Mediterranean Sea,Mediterranean
SITE0847,Wood,"off Miyako Island, Japan",24.9531666666666,125.954833333333,North Pacific,NW Pacific,North Pacific,Pacific
SITE0848,Wood,"off Miyako Island, Japan",24.75,125.749833333333,North Pacific,NW Pacific,North Pacific,Pacific
SITE0849,Wood,"off Miyako Island, Japan",24.5835,125.7585,North Pacific,NW Pacific,North Pacific,Pacific
SITE0850,Wood,off Oregon,43.9036666666666,-125.170633333333,North Pacific,NE Pacific,North Pacific,Pacific
SITE0852,Wood,Mercator mud volcano,35.2986,-6.64515,North Atlantic,NE Atlantic,North Atlantic,Atlantic
SITE0854,Wood,Darwin mud volcano,35.39205,-7.19188333333333,North Atlantic,NE Atlantic,North Atlantic,Atlantic
SITE0855,Wood,Estremadura spur,39.28825,-10.0174166666666,North Atlantic,NE Atlantic,North Atlantic,Atlantic
SITE0856,Wood,Santa Cruz Basin,33.5,-119.366666666666,North Pacific,NE Pacific,North Pacific,Pacific
SITE0861,Wood,Gorringe Bank,36.6426166666666,-11.6031166666666,North Atlantic,NE Atlantic,North Atlantic,Atlantic
SITE0862,Wood,East Pacific Rise,11.85,-103.833333333333,North Pacific,NE Pacific,North Pacific,Pacific
SITE0863,Wood,Gorda Ridge,41.0066666666666,-127.488333333333,North Pacific,NE Pacific,North Pacific,Pacific
SITE0864,Wood,Taiwan,21.535,120.801666666666,North Pacific,NW Pacific,North Pacific,Pacific
SITE0865,Wood,Taiwan,24.585,122.096666666666,North Pacific,NW Pacific,North Pacific,Pacific
SITE0866,Wood,Taiwan,24.93,122.095,North Pacific,NW Pacific,North Pacific,Pacific
SITE0867,Wood,Taiwan,24.2616666666666,122.193333333333,North Pacific,NW Pacific,North Pacific,Pacific
SITE0869,Wood,"Nile fan, off Egypt",32.5347222222222,30.3563888888888,Mediterranean Sea,E Mediterranean,Mediterranean Sea,Mediterranean
SITE0870,Wood,Mèknes and Darwin mud volcano,34.98485,-7.07373333333333,North Atlantic,NE Atlantic,North Atlantic,Atlantic
SITE0871,Whale,"Rio de Janeiro, Brazil",-25.3383333333333,-39.6411666666666,South Atlantic,SW Atlantic,South Atlantic,Atlantic
SITE0871,Wood,"Rio de Janeiro, Brazil",-25.3383333333333,-39.6411666666666,South Atlantic,SW Atlantic,South Atlantic,Atlantic
SITE0872,Wood,"Osterfjorden, Norway",60.5818588647682,5.43063372611999,North Atlantic,NE Atlantic,North Atlantic,Atlantic
SITE0873,Whale,Clarion-Clipperton Zone,14.03427,-130.09405,North Pacific,NE Pacific,North Pacific,Pacific
SITE0873,Wood,Clarion-Clipperton Zone,14.03427,-130.09405,North Pacific,NE Pacific,North Pacific,Pacific
SITE0874,Wood,"Monterey Bay, CA, USA",36.154098,-122.40852,North Pacific,NE Pacific,North Pacific,Pacific
SITE0875,Whale,"Espirito Santo, Brazil",-21.4501666666666,-39.8965,South Atlantic,SW Atlantic,South Atlantic,Atlantic
SITE0875,Wood,"Espirito Santo, Brazil",-21.4501666666666,-39.8965,South Atlantic,SW Atlantic,South Atlantic,Atlantic
SITE0876,Whale,"São Paulo, Brazil",-25.894,-45.0483333333333,South Atlantic,SW Atlantic,South Atlantic,Atlantic
SITE0876,Wood,"São Paulo, Brazil",-25.894,-45.0483333333333,South Atlantic,SW Atlantic,South Atlantic,Atlantic
SITE0877,Whale,"Espirito Santo, Brazil",-22.8408333333333,-38.4163333333333,South Atlantic,SW Atlantic,South Atlantic,Atlantic
SITE0877,Wood,"Espirito Santo, Brazil",-22.8408333333333,-38.4163333333333,South Atlantic,SW Atlantic,South Atlantic,Atlantic
SITE0879,Wood,"Monterey Bay, CA, USA",36.26128,-122.677983333333,North Pacific,NE Pacific,North Pacific,Pacific
SITE0880,Wood,Lucky Strike vent field,37.2911666666666,-32.28,North Atlantic,North Atlantic,North Atlantic,Atlantic
SITE0881,Wood,Lucky Strike vent field,37.2886666666666,-32.2755,North Atlantic,North Atlantic,North Atlantic,Atlantic
SITE0882,Wood,Lucky Strike vent field,37.288635,-32.2755516666666,North Atlantic,North Atlantic,North Atlantic,Atlantic
SITE0883,Wood,Lucky Strike vent field,37.2887,-32.2755,North Atlantic,North Atlantic,North Atlantic,Atlantic
SITE0884,Wood,"Hakon Mosby mud volcano, Norway",72.0065,14.72733,Arctic,Arctic,Arctic,Arctic
SITE0885,Wood,"Hakon Mosby mud volcano, Norway",72.0063,14.7182616666666,Arctic,Arctic,Arctic,Arctic
SITE0886,Wood,Sagami Bay KM-ROV dive #149 branch-like plant debris,35.01595,139.222183333333,North Pacific,NW Pacific,North Pacific,Pacific
SITE0887,Wood,Shoho Seamount wood fall — 2042 m (Hookabe 2022),32.3475666666666,138.657866666666,North Pacific,NW Pacific,North Pacific,Pacific
SITE0888,Wood,Fiji Basin,-16.9913333333333,173.914833333333,South Pacific,SWPacific,South Pacific,Pacific
SITE0890,Whale,Santa Catalina Basin (NE Pacific Ocean),33.2,-118.5,,,,Pacific
SITE0890,Wood,Santa Catalina Basin (NE Pacific Ocean),33.2,-118.5,,,,Pacific
SITE0891,Whale,San Nicolás Slope (NE Pacific Ocean),33.3333333333333,-119.983333333333,,,,Pacific
SITE0899,Whale,Monterey Canyon (NE Pacific Ocean),36.79,-121.887,,,,Pacific
SITE0901,Whale,Monterey Canyon (NE Pacific Ocean),36.772,-122.083,North Pacific,NE Pacific,,Pacific
SITE0908,Whale,off Bay of Biscay (NE Atlantic),,,,,,Atlantic
SITE0909,Whale,off Bastia (Corsica) Mediterranean,,,,,,Mediterranean
SITE0915,Whale,off Cape Nomamisaki (Japan),31.39775,129.979433333333,,,,Pacific
SITE0916,Whale,off Cape Nomamisaki (Japan),31.3499666666666,129.985966666666,,,,Pacific
SITE0918,Whale,off Cape Nomamisaki (Japan),31.3140666666666,129.992,,,,Pacific
SITE0919,Whale,off Cape Nomamisaki (Japan),31.3085833333333,129.989566666666,,,,Pacific
SITE0920,Whale,Big Pelis Island (Russia),42.67158333333333,131.44558333333333,,,,Pacific
SITE0921,Whale,"off Sète, Lion Gulf, Mediterranean",,,,,,Mediterranean
SITE0922,Whale,Bransfield strait (Antarctica),-63.183,-61.636,,,,Southern
SITE0923,Whale,off Anvers Island (Antartica),-64.1181666666666,-66.5823333333333,,,,Southern
SITE0941,Whale,Capraia Island (Tuscan Archepelago),,,,,,Mediterranean
SITE0942,Whale,off Dingle Bay (Ireland),,,,,,Atlantic
SITE0943,Whale,150 miles off NE Aberdeen (North Sea),57,6.5,,,,Atlantic
SITE0944,Whale,20 miles off NW Fair Isle,,,,,,Atlantic
SITE0958,Whale,Sagami Bay (Japan),35.0929333333333,139.171183333333,,,,Pacific
SITE0959,Whale,"Oﬀ Mocha Island, Chile",-38.2,-74.2,,,,Pacific
SITE0960,Whale,"Oﬀ Bay of Mejillones, Chile",-22.85,-70.4833333333333,,,,Pacific
SITE0961,Whale,"Oﬀ Pichilemu, Chile",-34.4333333333333,-72.1666666666666,,,,Pacific
SITE0962,Whale,"Oﬀ Arica, Chile",-18.4833333333333,-70.5333333333333,,,,Pacific
SITE0963,Whale,"Oﬀ Punta Pichalo, Chile",-19.5833333333333,-70.35,,,,Pacific
SITE0964,Whale,Vanuatu,-15.704,167.0435,,,,Pacific
SITE0967,Whale,"off Cape of Good Hope, South Africa",,,,,,Atlantic
SITE0968,Whale,off South Africa,,,,,,
SITE0969,Whale,Alaska,,,,,,
SITE0970,Whale,Clarion-Clipperton Zone (NE Pacific Ocean),,,,,,Pacific
SITE0974,Whale,"Blanes coast, Catalonia",41.6756,2.81398333333333,Mediterranean Sea,W Mediterranean,Mediterranean Sea,Mediterranean
SITE0975,Whale,Sagami Bay (Japan),35.05,139.13,,,,Pacific
SITE0976,Whale,Sagami Bay (Japan),35.0833333333,139.2166666667,,,,Pacific
SITE0977,Wood,NW Pacific abyssal plain east of Ogasawara Trench,32.57843333333334,143.7689,North Pacific,NW Pacific,North Pacific,Pacific
SITE0978,Wood,East China Sea sunken wood,30.7,127.8,North Pacific,NW Pacific,North Pacific,Pacific
SITE0979,Wood,"Mound 11, Costa Rica",8.9221,-84.3045,Pacific Ocean,Eastern Pacific,Pacific Ocean,Pacific
SITE0980,Wood,"Mound 12, Costa Rica",8.9297,-84.3115,Pacific Ocean,Eastern Pacific,Pacific Ocean,Pacific
SITE0981,Wood,"Mound 12, Costa Rica",8.9306,-84.3124,Pacific Ocean,Eastern Pacific,Pacific Ocean,Pacific
SITE0982,Wood,"Mound 12, Costa Rica",8.9325,-84.3074,Pacific Ocean,Eastern Pacific,Pacific Ocean,Pacific
SITE0983,Wood,"Mound 12, Costa Rica",8.93,-84.3117,Pacific Ocean,Eastern Pacific,Pacific Ocean,Pacific
SITE0984,Wood,"Jaco Scar, Costa Rica",9.1262,-84.8384,Pacific Ocean,Eastern Pacific,Pacific Ocean,Pacific
SITE0985,Wood,"Seamount 2, Costa Rica",8.8003,-85.1899,Pacific Ocean,Eastern Pacific,Pacific Ocean,Pacific
SITE0986,Wood,"Jaco Scar, Costa Rica",9.1146,-84.8356,Pacific Ocean,Eastern Pacific,Pacific Ocean,Pacific
SITE0987,Wood,"Jaco Scar, Costa Rica",9.1151,-84.8398,Pacific Ocean,Eastern Pacific,Pacific Ocean,Pacific
SITE0988,Wood,"Tamayo Fracture Zone, Gulf of California",22.9628,-108.1576,Pacific Ocean,Eastern Pacific,Pacific Ocean,Pacific
SITE0989,Wood,"CCFZ IFREMER East, Station 161",14.0345,-130.09333333333333,North Pacific,Eastern Equatorial Pacific / CCFZ,North Pacific,Pacific
SITE0990,Wood,Northern Gulf of Mexico wood-type experiment,28.81364194,-87.82033444,North Atlantic,Gulf of Mexico,North Atlantic,Atlantic
SITE0991,Whale,"off Byron Bay, New South Wales",-28.075000000000003,154.08,South Pacific,SW Pacific / eastern Australia,South Pacific,Pacific
SITE0992,Whale,"Palmer Deep, Western Antarctic Peninsula",-64.84166666666667,-64.15333333333334,Southern Ocean,Western Antarctic Peninsula,Southern Ocean,Southern
SITE0993,Wood,"Off Owase, Sea of Kumano",34.11361111111111,136.50972222222222,North Pacific,Sea of Kumano,North Pacific,Pacific
SITE0994,Wood,"Off Kumano, Sea of Kumano",33.87177777777778,136.19855555555557,North Pacific,Sea of Kumano,North Pacific,Pacific
SITE0995,Wood,NORI-D eastern Clarion-Clipperton Zone wood fall,10.325556666666667,-117.17089666666666,North Pacific,Clarion-Clipperton Zone,North Pacific,Pacific
SITE0996,Wood,Zhongnan Seamount northern slope,14.019430555555557,115.5016,North Pacific,South China Sea,North Pacific,Pacific
SITE0997,Wood,"Off Owase, Mie, 330 m",34.016666666666666,136.36666666666667,North Pacific,Kumano-nada / off Owase,North Pacific,Pacific
SITE0998,Wood,Northern Gulf of Mexico 24-log wood experiment,27.135,-89.924,North Atlantic,Gulf of Mexico,North Atlantic,Atlantic
SITE1000,Whale,Diamantina Zone WF1 — Dordrecht Deep,-33.4662,101.5553,Indian Ocean,Southern Indian Ocean / Diamantina Zone,Indian Ocean,Indian
SITE1001,Whale,Diamantina Zone WF2,-32.502,96.5286,Indian Ocean,Southern Indian Ocean / Diamantina Zone,Indian Ocean,Indian
SITE1002,Whale,Diamantina Zone WF3,-32.8059,96.2777,Indian Ocean,Southern Indian Ocean / Diamantina Zone,Indian Ocean,Indian
SITE1003,Whale,Diamantina Zone WF4,-32.6983,98.5612,Indian Ocean,Southern Indian Ocean / Diamantina Zone,Indian Ocean,Indian
SITE1004,Whale,Diamantina Zone WF5,-32.7121,98.5722,Indian Ocean,Southern Indian Ocean / Diamantina Zone,Indian Ocean,Indian
SITE1005,Whale,Hood Canyon — SuBastian dive S0315,-34.74,119.66,Indian Ocean,SW Australia / Bremer Canyon system,Indian Ocean,Indian
SITE1006,Whale,Hood Canyon — SuBastian dive S0323,-34.76,119.63,Indian Ocean,SW Australia / Bremer Canyon system,Indian Ocean,Indian
SITE1008,Whale,Pukaki Rise / Chatham Rise whale skull,-49.121,172.136,South Pacific,Southwest Pacific,South Pacific,Pacific
SITE1009,Wood,Santa Cruz Basin — CRS 397,33.4934,-119.3661167,North Pacific,"Santa Cruz Basin, Southern California margin",North Pacific,Pacific
SITE1010,Wood,Santa Cruz Basin — CRS 800,33.49405,-119.36845,North Pacific,"Santa Cruz Basin, Southern California margin",North Pacific,Pacific
SITE1011,Whale,"Rosebud whale fall, off San Diego, California",32.7769,-117.4881,North Pacific,NE Pacific,North Pacific,Pacific
SITE1012,Whale,"Pedro whale fall, near Channel Islands, California",33.7704,-119.5241,North Pacific,NE Pacific,North Pacific,Pacific
SITE1013,Whale,"Pebbles whale fall, Monterey Submarine Canyon",36.803,-121.9946,North Pacific,NE Pacific,North Pacific,Pacific
SITE1014,Wood,Nile deep-sea fan Wood#6 fresh control,32.53354,30.3532,Mediterranean Sea,Eastern Mediterranean / Nile deep-sea fan,Mediterranean Sea,Mediterranean
SITE1015,Wood,"CP4062, Bismarck Sea off Vanimo",-2.6166667,141.3,South Pacific,Bismarck Sea,South Pacific,Pacific
SITE1016,Wood,"SO250-9, Kuril-Kamchatka slope",43.8006833,151.7405333,North Pacific,Kuril-Kamchatka Trench/slope,North Pacific,Pacific
SITE1017,Wood,Johnston Atoll NA153 H1999 wood fall,16.990982,-169.7693,North Pacific,Central Pacific / Johnston Atoll,North Pacific,Pacific
SITE1018,Wood,Shoho Seamount wood fall — 1901 m (Komai 2025),32.3495,138.6563333333,North Pacific,NW Pacific,North Pacific,Pacific
SITE1019,Whale,Oahu slope implanted whale bones,21.35,-158.216667,North Pacific,Central Pacific,,Pacific
