Genus_input,Family_internal,ScientificName,AphiaID,Taxon status,AphiaID_accepted,ScientificName_accepted,Kingdom,Phylum,Class,Order,Family,Genus_worms,Family_final
Ophryotrocha,Dorvilleidae,Ophryotrocha,129266,accepted,129266.0,Ophryotrocha,Animalia,Annelida,Polychaeta,Eunicida,Dorvilleidae,Ophryotrocha,Dorvilleidae
Idas,Mytilidae,Idas,138219,accepted,138219.0,Idas,Animalia,Mollusca,Bivalvia,Mytilida,Modiolidae,Idas,Mytilidae
Osedax,Siboglinidae,Osedax,265008,accepted,265008.0,Osedax,Animalia,Annelida,Polychaeta,Sabellida,Siboglinidae,Osedax,Siboglinidae
Capitella,Capitellidae,Capitella,129211,accepted,129211.0,Capitella,Animalia,Annelida,Polychaeta,,Capitellidae,Capitella,Capitellidae
Sirsoe,Hesionidae,Sirsoe,324833,accepted,324833.0,Sirsoe,Animalia,Annelida,Polychaeta,Phyllodocida,Hesionidae,Sirsoe,Hesionidae
Xylophaga,Xylophagaidae,Xylophaga,138667,accepted,138667.0,Xylophaga,Animalia,Mollusca,Bivalvia,Myida,Xylophagaidae,Xylophaga,Xylophagaidae
Neanthes,Nereididae,Neanthes,129378,accepted,129378.0,Neanthes,Animalia,Annelida,Polychaeta,Phyllodocida,Nereididae,Neanthes,Nereididae
Munidopsis,Munidopsidae,Munidopsis,106836,accepted,106836.0,Munidopsis,Animalia,Arthropoda,Malacostraca,Decapoda,Munidopsidae,Munidopsis,Munidopsidae
Oxydromus,,Oxydromus,173457,accepted,173457.0,Oxydromus,Animalia,Annelida,Polychaeta,Phyllodocida,Hesionidae,Oxydromus,Hesionidae
Glycera,,Glycera,ambiguous,,,,,,,,,,Glyceridae
Sphaerosyllis,,Sphaerosyllis,129677,accepted,129677.0,Sphaerosyllis,Animalia,Annelida,Polychaeta,Phyllodocida,Syllidae,Sphaerosyllis,Syllidae
Vulcanidas,,Vulcanidas,494243,accepted,494243.0,Vulcanidas,Animalia,Mollusca,Bivalvia,Mytilida,Modiolidae,Vulcanidas,Modiolidae
Prionospio,Spionidae,Prionospio,129620,accepted,129620.0,Prionospio,Animalia,Annelida,Polychaeta,Spionida,Spionidae,Prionospio,Spionidae
Phyllodoce,,Phyllodoce,ambiguous,,,,,,,,,,Phyllodocidae
Syllis,,Syllis,129680,accepted,129680.0,Syllis,Animalia,Annelida,Polychaeta,Phyllodocida,Syllidae,Syllis,Syllidae
Polycirrus,,Polycirrus,129710,accepted,129710.0,Polycirrus,Animalia,Annelida,Polychaeta,Terebellida,Terebellidae,Polycirrus,Terebellidae
Polyophthalmus,,Polyophthalmus,129415,accepted,129415.0,Polyophthalmus,Animalia,Annelida,Polychaeta,,Opheliidae,Polyophthalmus,Opheliidae
Laonice,,Laonice,129613,accepted,129613.0,Laonice,Animalia,Annelida,Polychaeta,Spionida,Spionidae,Laonice,Spionidae
Xyloredo,Xylophagaidae,Xyloredo,138668,accepted,138668.0,Xyloredo,Animalia,Mollusca,Bivalvia,Myida,Xylophagaidae,Xyloredo,Xylophagaidae
Lignomodiolus,,Lignomodiolus,,,,,,,,,,,Mytilidae
Caymanostella,,Caymanostella,177889,accepted,177889.0,Caymanostella,Animalia,Echinodermata,Asteroidea,Velatida,Caymanostellidae,Caymanostella,Caymanostellidae
Bathyceradocus,,Bathyceradocus,428534,accepted,428534.0,Bathyceradocus,Animalia,Arthropoda,Malacostraca,Amphipoda,Maeridae,Bathyceradocus,Maeridae
Chrysopetalum,,Chrysopetalum,129235,accepted,129235.0,Chrysopetalum,Animalia,Annelida,Polychaeta,Phyllodocida,Chrysopetalidae,Chrysopetalum,Chrysopetalidae
Prosthiostomum,,Prosthiostomum,142239,accepted,142239.0,Prosthiostomum,Animalia,Platyhelminthes,,Polycladida,Prosthiostomidae,Prosthiostomum,Prosthiostomidae
Nebalia,,Nebalia,147031,accepted,147031.0,Nebalia,Animalia,Arthropoda,Malacostraca,Leptostraca,Nebaliidae,Nebalia,Nebaliidae
Xyloskenea,,Xyloskenea,138510,accepted,138510.0,Xyloskenea,Animalia,Mollusca,Gastropoda,Seguenziida,Seguenzioidea incertae sedis,Xyloskenea,Seguenzioidea incertae sedis
Caulleriella,,Caulleriella,129241,accepted,129241.0,Caulleriella,Animalia,Annelida,Polychaeta,Terebellida,Cirratulidae,Caulleriella,Cirratulidae
Pyropelta,Pyropeltidae,Pyropelta,391493,accepted,391493.0,Pyropelta,Animalia,Mollusca,Gastropoda,Lepetellida,Pyropeltidae,Pyropelta,Pyropeltidae
Adipicola,Mytilidae,Adipicola,236132,accepted,236132.0,Adipicola,Animalia,Mollusca,Bivalvia,Mytilida,Modiolidae,Adipicola,Mytilidae
Provanna,,Provanna,391510,accepted,391510.0,Provanna,Animalia,Mollusca,Gastropoda,Caenogastropoda incertae sedis,Provannidae,Provanna,Provannidae
Protanais,,Protanais,246998,accepted,246998.0,Protanais,Animalia,Arthropoda,Malacostraca,Tanaidacea,Tanaididae,Protanais,Tanaididae
Vrijenhoekia,,Vrijenhoekia,743811,accepted,743811.0,Vrijenhoekia,Animalia,Annelida,Polychaeta,Phyllodocida,Hesionidae,Vrijenhoekia,Hesionidae
Pleijelius,Hesionidae,Pleijelius,743063,accepted,743063.0,Pleijelius,Animalia,Annelida,Polychaeta,Phyllodocida,Microphthalmidae,Pleijelius,Hesionidae
Nereis,,Nereis,129379,accepted,129379.0,Nereis,Animalia,Annelida,Polychaeta,Phyllodocida,Nereididae,Nereis,Nereididae
Leptochelia,,Leptochelia,136235,accepted,136235.0,Leptochelia,Animalia,Arthropoda,Malacostraca,Tanaidacea,Leptocheliidae,Leptochelia,Leptocheliidae
Hesiocaeca,Hesionidae,Hesiocaeca,324823,taxon inquirendum,324823.0,Hesiocaeca,Animalia,Annelida,Polychaeta,Phyllodocida,Hesionidae,Hesiocaeca,Hesionidae
Gyptis,,Gyptis,ambiguous,,,,,,,,,,Hesionidae
Katianira,,Katianira,118370,accepted,118370.0,Katianira,Animalia,Arthropoda,Malacostraca,Isopoda,Katianiridae,Katianira,Katianiridae
Munna,,Munna,118374,accepted,118374.0,Munna,Animalia,Arthropoda,Malacostraca,Isopoda,Munnidae,Munna,Munnidae
Coccopigya,,Coccopigya,137799,accepted,137799.0,Coccopigya,Animalia,Mollusca,Gastropoda,Cocculinida,Cocculinidae,Coccopigya,Cocculinidae
Leptochiton,,Leptochiton,138117,accepted,138117.0,Leptochiton,Animalia,Mollusca,Polyplacophora,Lepidopleurida,Leptochitonidae,Leptochiton,Leptochitonidae
Rubyspira,,Rubyspira,536746,accepted,536746.0,Rubyspira,Animalia,Mollusca,Gastropoda,Caenogastropoda incertae sedis,Rubyspiridae,Rubyspira,Rubyspiridae
Osteopelta,Osteopeltidae,Osteopelta,138296,accepted,138296.0,Osteopelta,Animalia,Mollusca,Gastropoda,Lepetellida,Osteopeltidae,Osteopelta,Osteopeltidae
Terua,Mytilidae,Terua,516003,accepted,516003.0,Terua,Animalia,Mollusca,Bivalvia,Mytilida,Modiolidae,Terua,Mytilidae
Yoldiella,Yoldiidae,Yoldiella,138673,accepted,138673.0,Yoldiella,Animalia,Mollusca,Bivalvia,Nuculanida,Yoldiidae,Yoldiella,Yoldiidae
Chaetozone,,Chaetozone,129242,accepted,129242.0,Chaetozone,Animalia,Annelida,Polychaeta,Terebellida,Cirratulidae,Chaetozone,Cirratulidae
Parophryotrocha,,Parophryotrocha,324698,accepted,324698.0,Parophryotrocha,Animalia,Annelida,Polychaeta,Eunicida,Dorvilleidae,Parophryotrocha,Dorvilleidae
Xylopholas,Xylophagaidae,Xylopholas,456537,accepted,456537.0,Xylopholas,Animalia,Mollusca,Bivalvia,Myida,Xylophagaidae,Xylopholas,Xylophagaidae
Raricirrus,,Raricirrus,129254,accepted,129254.0,Raricirrus,Animalia,Annelida,Polychaeta,Terebellida,Cirratulidae,Raricirrus,Cirratulidae
Paramytha,,Paramytha,885817,accepted,885817.0,Paramytha,Animalia,Annelida,Polychaeta,Terebellida,Ampharetidae,Paramytha,Ampharetidae
Harmothoe,,Harmothoe,129491,accepted,129491.0,Harmothoe,Animalia,Annelida,Polychaeta,Phyllodocida,Polynoidae,Harmothoe,Polynoidae
Ophiothrix,,Ophiothrix,ambiguous,,,,,,,,,,Ophiotrichidae
Seba,Sebidae,Seba,101746,accepted,101746.0,Seba,Animalia,Arthropoda,Malacostraca,Amphipoda,Sebidae,Seba,Sebidae
Eurycope,Munnopsidae,Eurycope,118340,accepted,118340.0,Eurycope,Animalia,Arthropoda,Malacostraca,Isopoda,Munnopsidae,Eurycope,Munnopsidae
Nicomache,Maldanidae,Nicomache,129357,accepted,129357.0,Nicomache,Animalia,Annelida,Polychaeta,,Maldanidae,Nicomache,Maldanidae
Parougia,,Parougia,129270,accepted,129270.0,Parougia,Animalia,Annelida,Polychaeta,Eunicida,Dorvilleidae,Parougia,Dorvilleidae
Hyalogyrina,,Hyalogyrina,138076,accepted,138076.0,Hyalogyrina,Animalia,Mollusca,Gastropoda,,Hyalogyrinidae,Hyalogyrina,Hyalogyrinidae
Decemunciger,,Decemunciger,325200,accepted,325200.0,Decemunciger,Animalia,Annelida,Polychaeta,Terebellida,Ampharetidae,Decemunciger,Ampharetidae
Dillwynella,,Dillwynella,ambiguous,,,,,,,,,,Skeneidae
Modiolus,,Modiolus,138223,accepted,138223.0,Modiolus,Animalia,Mollusca,Bivalvia,Mytilida,Modiolidae,Modiolus,Modiolidae
Polynoidae,,Polynoidae,939,accepted,939.0,Polynoidae,Animalia,Annelida,Polychaeta,Phyllodocida,Polynoidae,,Polynoidae
Polychaete,,Polychaete,,,,,,,,,,,
Xylodiscula,Xylodisculidae,Xylodiscula,138666,accepted,138666.0,Xylodiscula,Animalia,Mollusca,Gastropoda,,Xylodisculidae,Xylodiscula,Xylodisculidae
Lamellibrachia,Siboglinidae,Lamellibrachia,129107,accepted,129107.0,Lamellibrachia,Animalia,Annelida,Polychaeta,Sabellida,Siboglinidae,Lamellibrachia,Siboglinidae
Neptunea,,Neptunea,137710,accepted,137710.0,Neptunea,Animalia,Mollusca,Gastropoda,Neogastropoda,Buccinidae,Neptunea,Buccinidae
Lumbrineris,,Lumbrineris,129337,accepted,129337.0,Lumbrineris,Animalia,Annelida,Polychaeta,Eunicida,Lumbrineridae,Lumbrineris,Lumbrineridae
Lepidonotus,,Lepidonotus,129496,accepted,129496.0,Lepidonotus,Animalia,Annelida,Polychaeta,Phyllodocida,Polynoidae,Lepidonotus,Polynoidae
Schisturella,,Schisturella,101650,accepted,101650.0,Schisturella,Animalia,Arthropoda,Malacostraca,Amphipoda,Tryphosidae,Schisturella,Tryphosidae
Caymanabyssia,,Caymanabyssia,531994,accepted,531994.0,Caymanabyssia,Animalia,Mollusca,Gastropoda,Lepetellida,Caymanabyssiidae,Caymanabyssia,Caymanabyssiidae
Fedikovella,,Fedikovella,159755,accepted,159755.0,Fedikovella,Animalia,Mollusca,Gastropoda,Cocculinida,Teuthirostriidae,Fedikovella,Teuthirostriidae
Nypamodiolus,,Nypamodiolus,1608768,accepted,1608768.0,Nypamodiolus,Animalia,Mollusca,Bivalvia,Mytilida,Modiolidae,Nypamodiolus,Modiolidae
Acanthaspidia,,Acanthaspidia,118308,junior subjective synonym,174440.0,Iolanthe,Animalia,Arthropoda,Malacostraca,Isopoda,Acanthaspidiidae,Acanthaspidia,Acanthaspidiidae
Acanthocope,,Acanthocope,118333,accepted,118333.0,Acanthocope,Animalia,Arthropoda,Malacostraca,Isopoda,Munnopsidae,Acanthocope,Munnopsidae
Disconectes,,Disconectes,118339,accepted,118339.0,Disconectes,Animalia,Arthropoda,Malacostraca,Isopoda,Munnopsidae,Disconectes,Munnopsidae
Hebefustis,,Hebefustis,118380,accepted,118380.0,Hebefustis,Animalia,Arthropoda,Malacostraca,Isopoda,Nannoniscidae,Hebefustis,Nannoniscidae
cf. Janthura,,cf. Janthura,,,,,,,,,,,Janiridae
Runcina,,Runcina,138462,accepted,138462.0,Runcina,Animalia,Mollusca,Gastropoda,Runcinida,Runcinidae,Runcina,Runcinidae
Gastropoda,,Gastropoda,101,accepted,101.0,Gastropoda,Animalia,Mollusca,Gastropoda,,,,
Tharyx,Cirratulidae,Tharyx,129249,accepted,129249.0,Tharyx,Animalia,Annelida,Polychaeta,Terebellida,Cirratulidae,Tharyx,Cirratulidae
Microphthalmus,Hesionidae,Microphthalmus,129313,accepted,129313.0,Microphthalmus,Animalia,Annelida,Polychaeta,Phyllodocida,Microphthalmidae,Microphthalmus,Hesionidae
Calyptogena,Vesicomyidae,Calyptogena,367971,accepted,367971.0,Calyptogena,Animalia,Mollusca,Bivalvia,Venerida,Vesicomyidae,Calyptogena,Vesicomyidae
Sosanopsis,,Sosanopsis,129180,unaccepted,129179.0,Sosane,Animalia,Annelida,Polychaeta,Terebellida,Ampharetidae,Sosanopsis,Ampharetidae
Amelinna,,Amelinna,241225,unaccepted,129170.0,Melinnopsis,Animalia,Annelida,Polychaeta,Terebellida,Melinnidae,Amelinna,Melinnidae
Exogone,,Exogone,129654,accepted,129654.0,Exogone,Animalia,Annelida,Polychaeta,Phyllodocida,Syllidae,Exogone,Syllidae
Nereimyra,,Nereimyra,129314,accepted,129314.0,Nereimyra,Animalia,Annelida,Polychaeta,Phyllodocida,Hesionidae,Nereimyra,Hesionidae
Neoamphitrite,,Neoamphitrite,129702,accepted,129702.0,Neoamphitrite,Animalia,Annelida,Polychaeta,Terebellida,Terebellidae,Neoamphitrite,Terebellidae
Bathypecten,,Bathypecten,181296,junior subjective synonym,196008.0,Catillopecten,Animalia,Mollusca,Bivalvia,Pectinida,Propeamussiidae,Bathypecten,Propeamussiidae
Accedomoera,,Accedomoera,550270,accepted,550270.0,Accedomoera,Animalia,Arthropoda,Malacostraca,Amphipoda,Pontogeneiidae,Accedomoera,Pontogeneiidae
Pectinodonta,,Pectinodonta,137617,accepted,137617.0,Pectinodonta,Animalia,Mollusca,Gastropoda,Nacellida,Pectinodontidae,Pectinodonta,Pectinodontidae
Spiophanes,,Spiophanes,129626,accepted,129626.0,Spiophanes,Animalia,Annelida,Polychaeta,Spionida,Spionidae,Spiophanes,Spionidae
cf. Amphiduros,,cf. Amphiduros,,,,,,,,,,,Hesionidae
Melinnopsis,,Melinnopsis,129170,accepted,129170.0,Melinnopsis,Animalia,Annelida,Polychaeta,Terebellida,Melinnidae,Melinnopsis,Melinnidae
Copulabyssia,,Copulabyssia,138391,accepted,138391.0,Copulabyssia,Animalia,Mollusca,Gastropoda,Lepetellida,Pseudococculinidae,Copulabyssia,Pseudococculinidae
Tisbe,,Tisbe,115484,accepted,115484.0,Tisbe,Animalia,Arthropoda,Copepoda,Harpacticoida,Tisbidae,Tisbe,Tisbidae
Eunice,,Eunice,ambiguous,,,,,,,,,,Eunicidae
Eusyllis,,Eusyllis,129653,accepted,129653.0,Eusyllis,Animalia,Annelida,Polychaeta,Phyllodocida,Syllidae,Eusyllis,Syllidae
Protodorvillea,,Protodorvillea,129272,accepted,129272.0,Protodorvillea,Animalia,Annelida,Polychaeta,Eunicida,Dorvilleidae,Protodorvillea,Dorvilleidae
Syllidia,,Syllidia,129320,accepted,129320.0,Syllidia,Animalia,Annelida,Polychaeta,Phyllodocida,Hesionidae,Syllidia,Hesionidae
Enoplus,,Enoplus,2504,accepted,2504.0,Enoplus,Animalia,Nematoda,Enoplea,Enoplida,Enoplidae,Enoplus,Enoplidae
Xylonora,Xylophagaidae,Xylonora,1472288,accepted,1472288.0,Xylonora,Animalia,Mollusca,Bivalvia,Myida,Xylophagaidae,Xylonora,Xylophagaidae
Vigtorniella,Chrysopetalidae,Vigtorniella,129239,accepted,129239.0,Vigtorniella,Animalia,Annelida,Polychaeta,Phyllodocida,Chrysopetalidae,Vigtorniella,Chrysopetalidae
Cordesia,Provannidae,Cordesia,456050,accepted,456050.0,Cordesia,Animalia,Mollusca,Gastropoda,Caenogastropoda incertae sedis,Abyssochrysidae,Cordesia,Provannidae
Paralomis,Lithodidae,Paralomis,106848,accepted,106848.0,Paralomis,Animalia,Arthropoda,Malacostraca,Decapoda,Lithodidae,Paralomis,Lithodidae
Bathykermadeca,Polynoidae,Bathykermadeca,324917,accepted,324917.0,Bathykermadeca,Animalia,Annelida,Polychaeta,Phyllodocida,Polynoidae,Bathykermadeca,Polynoidae
Austrolaenilla,Polynoidae,Austrolaenilla,129479,accepted,129479.0,Austrolaenilla,Animalia,Annelida,Polychaeta,Phyllodocida,Polynoidae,Austrolaenilla,Polynoidae
Flabelligella,Acrocirridae,Flabelligella,129140,accepted,129140.0,Flabelligella,Animalia,Annelida,Polychaeta,Terebellida,Acrocirridae,Flabelligella,Acrocirridae
Hedgpethia,Colossendeidae,Hedgpethia,134587,accepted,134587.0,Hedgpethia,Animalia,Arthropoda,Pycnogonida,Pantopoda,Colossendeidae,Hedgpethia,Colossendeidae
Rhynchothorax,Rhynchothoracidae,Rhynchothorax,134596,accepted,134596.0,Rhynchothorax,Animalia,Arthropoda,Pycnogonida,Pantopoda,Rhynchothoracidae,Rhynchothorax,Rhynchothoracidae
Protodrilus,,Protodrilus,ambiguous,,,,,,,,,,Protodrilidae
Cocculina,,Cocculina,137800,accepted,137800.0,Cocculina,Animalia,Mollusca,Gastropoda,Cocculinida,Cocculinidae,Cocculina,Cocculinidae
Paelopatides,,Paelopatides,123466,accepted,123466.0,Paelopatides,Animalia,Echinodermata,Holothuroidea,Synallactida,Synallactidae,Paelopatides,Synallactidae
Solaster,,Solaster,123338,accepted,123338.0,Solaster,Animalia,Echinodermata,Asteroidea,Valvatida,Solasteridae,Solaster,Solasteridae
Lophaster,,Lophaster,123337,accepted,123337.0,Lophaster,Animalia,Echinodermata,Asteroidea,Valvatida,Solasteridae,Lophaster,Solasteridae
Amphiplica,,Amphiplica,138390,accepted,138390.0,Amphiplica,Animalia,Mollusca,Gastropoda,Lepetellida,Pseudococculinidae,Amphiplica,Pseudococculinidae
Phyllochaetopterus,Chaetopteridae,Phyllochaetopterus,129232,accepted,129232.0,Phyllochaetopterus,Animalia,Annelida,Polychaeta,,Chaetopteridae,Phyllochaetopterus,Chaetopteridae
Aphelochaeta,,Aphelochaeta,129240,accepted,129240.0,Aphelochaeta,Animalia,Annelida,Polychaeta,Terebellida,Cirratulidae,Aphelochaeta,Cirratulidae
Monticellina,,Monticellina,ambiguous,,,,,,,,,,Cirratulidae
Neosabellides,,Neosabellides,129173,accepted,129173.0,Neosabellides,Animalia,Annelida,Polychaeta,Terebellida,Ampharetidae,Neosabellides,Ampharetidae
Raricirris,,Raricirris,129254,accepted,129254.0,Raricirrus,Animalia,Annelida,Polychaeta,Terebellida,Cirratulidae,Raricirrus,Cirratulidae
Golfingia,,Golfingia,136021,accepted,136021.0,Golfingia,Animalia,Annelida,,Sipuncula,Golfingiidae,Golfingia,Golfingiidae
Microlaimus,,Microlaimus,2366,accepted,2366.0,Microlaimus,Animalia,Nematoda,Chromadorea,Desmodorida,Microlaimidae,Microlaimus,Microlaimidae
Sclerolinum,,Sclerolinum,129106,accepted,129106.0,Sclerolinum,Animalia,Annelida,Polychaeta,Sabellida,Siboglinidae,Sclerolinum,Siboglinidae
Mitrella,,Mitrella,ambiguous,,,,,,,,,,Columbellidae
Bathyxylophila,,Bathyxylophila,598284,accepted,598284.0,Bathyxylophila,Animalia,Mollusca,Gastropoda,Lepetellida,Larocheidae,Bathyxylophila,Larocheidae
Leptamphopus,,Leptamphopus,101524,accepted,101524.0,Leptamphopus,Animalia,Arthropoda,Malacostraca,Amphipoda,Calliopiidae,Leptamphopus,Calliopiidae
Spirobranchus,,Spirobranchus,ambiguous,,,,,,,,,,Serpulidae
Caecum,,Caecum,137718,accepted,137718.0,Caecum,Animalia,Mollusca,Gastropoda,Littorinimorpha,Caecidae,Caecum,Caecidae
Xyloplax,,Xyloplax,254802,accepted,254802.0,Xyloplax,Animalia,Echinodermata,Asteroidea,Peripodida,Xyloplacidae,Xyloplax,Xyloplacidae
Ostiactis,,Ostiactis,1039824,accepted,1039824.0,Ostiactis,Animalia,Cnidaria,Hexacorallia,Actiniaria,Ostiactinidae,Ostiactis,Ostiactinidae
Lindaspio,Spionidae,Lindaspio,325180,accepted,325180.0,Lindaspio,Animalia,Annelida,Polychaeta,Spionida,Spionidae,Lindaspio,Spionidae
Theristus,Xyalidae,Theristus,2469,accepted,2469.0,Theristus,Animalia,Nematoda,Chromadorea,Monhysterida,Xyalidae,Theristus,Xyalidae
Paracocculina,Cocculinidae,Paracocculina,598374,accepted,598374.0,Paracocculina,Animalia,Mollusca,Gastropoda,Cocculinida,Cocculinidae,Paracocculina,Cocculinidae
Bruceiella,Skeneidae,Bruceiella,391516,accepted,391516.0,Bruceiella,Animalia,Mollusca,Gastropoda,Trochida,Skeneidae,Bruceiella,Skeneidae
Cirratulus,Cirratulidae,Cirratulus,129243,accepted,129243.0,Cirratulus,Animalia,Annelida,Polychaeta,Terebellida,Cirratulidae,Cirratulus,Cirratulidae
Nuculana,Nuculanidae,Nuculana,138259,accepted,138259.0,Nuculana,Animalia,Mollusca,Bivalvia,Nuculanida,Nuculanidae,Nuculana,Nuculanidae
Thyasira,Thyasiridae,Thyasira,138552,accepted,138552.0,Thyasira,Animalia,Mollusca,Bivalvia,Lucinida,Thyasiridae,Thyasira,Thyasiridae
Jasmineira,Sabellidae,Jasmineira,129533,accepted,129533.0,Jasmineira,Animalia,Annelida,Polychaeta,Sabellida,Sabellidae,Jasmineira,Sabellidae
Amaryllis,Amaryllididae,Amaryllis,101588,accepted,101588.0,Amaryllis,Animalia,Arthropoda,Malacostraca,Amphipoda,Amaryllididae,Amaryllis,Amaryllididae
Podocerus,Podoceridae,Podocerus,101740,accepted,101740.0,Podocerus,Animalia,Arthropoda,Malacostraca,Amphipoda,Podoceridae,Podocerus,Podoceridae
Sericosura,Ammotheidae,Sericosura,134576,accepted,134576.0,Sericosura,Animalia,Arthropoda,Pycnogonida,Pantopoda,Ammotheidae,Sericosura,Ammotheidae
Austrodecus,Austrodecidae,Austrodecus,134579,accepted,134579.0,Austrodecus,Animalia,Arthropoda,Pycnogonida,Pantopoda,Austrodecidae,Austrodecus,Austrodecidae
Nymphon,Nymphonidae,Nymphon,134591,accepted,134591.0,Nymphon,Animalia,Arthropoda,Pycnogonida,Pantopoda,Nymphonidae,Nymphon,Nymphonidae
Sassia,Ranellidae,Sassia,181011,accepted,181011.0,Sassia,Animalia,Mollusca,Gastropoda,Littorinimorpha,Cymatiidae,Sassia,Ranellidae
Alpheus,,Alpheus,106978,accepted,106978.0,Alpheus,Animalia,Arthropoda,Malacostraca,Decapoda,Alpheidae,Alpheus,Alpheidae
Scotoplanes,,Scotoplanes,123520,accepted,123520.0,Scotoplanes,Animalia,Echinodermata,Holothuroidea,Elasipodida,Elpidiidae,Scotoplanes,Elpidiidae
Asteronyx,,Asteronyx,123578,accepted,123578.0,Asteronyx,Animalia,Echinodermata,Ophiuroidea,Euryalida,Asteronychidae,Asteronyx,Asteronychidae
Stomphia,,Stomphia,100716,accepted,100716.0,Stomphia,Animalia,Cnidaria,Hexacorallia,Actiniaria,Actinostolidae,Stomphia,Actinostolidae
Benthoctopus,,Benthoctopus,138266,unaccepted,138265.0,Bathypolypus,Animalia,Mollusca,Cephalopoda,Octopoda,Bathypolypodidae,Benthoctopus,Bathypolypodidae
Glyphanostomum,,Glyphanostomum,152406,accepted,152406.0,Glyphanostomum,Animalia,Annelida,Polychaeta,Terebellida,Ampharetidae,Glyphanostomum,Ampharetidae
Pteraster,,Pteraster,123335,accepted,123335.0,Pteraster,Animalia,Echinodermata,Asteroidea,Velatida,Pterasteridae,Pteraster,Pterasteridae
Parastichopus,,Parastichopus,123458,accepted,123458.0,Parastichopus,Animalia,Echinodermata,Holothuroidea,Synallactida,Stichopodidae,Parastichopus,Stichopodidae
Exallopus,,Exallopus,324692,accepted,324692.0,Exallopus,Animalia,Annelida,Polychaeta,Eunicida,Dorvilleidae,Exallopus,Dorvilleidae
Caetozone,,Caetozone,129242,accepted,129242.0,Chaetozone,Animalia,Annelida,Polychaeta,Terebellida,Cirratulidae,Chaetozone,Cirratulidae
Mugga,,Mugga,129172,unaccepted,129179.0,Sosane,Animalia,Annelida,Polychaeta,Terebellida,Ampharetidae,Mugga,Ampharetidae
Pseudophryotrocha,,Pseudophryotrocha,324700,accepted,324700.0,Pseudophryotrocha,Animalia,Annelida,Polychaeta,Eunicida,Dorvilleidae,Pseudophryotrocha,Dorvilleidae
Flabelliderma,,Flabelliderma,182867,accepted,182867.0,Flabelliderma,Animalia,Annelida,Polychaeta,Terebellida,Flabelligeridae,Flabelliderma,Flabelligeridae
Autolytus,,Autolytus,129646,unaccepted,129659.0,Myrianida,Animalia,Annelida,Polychaeta,Phyllodocida,Syllidae,Autolytus,Syllidae
Scionides,,Scionides,325274,accepted,325274.0,Scionides,Animalia,Annelida,Polychaeta,Terebellida,Terebellidae,Scionides,Terebellidae
Amphicteis,,Amphicteis,129156,accepted,129156.0,Amphicteis,Animalia,Annelida,Polychaeta,Terebellida,Ampharetidae,Amphicteis,Ampharetidae
Hemipodus,,Hemipodus,129298,unaccepted,325818.0,Hemipodia,Animalia,Annelida,Polychaeta,Phyllodocida,Glyceridae,Hemipodus,Glyceridae
Asclerocheilus,,Asclerocheilus,129551,accepted,129551.0,Asclerocheilus,Animalia,Annelida,Polychaeta,,Scalibregmatidae,Asclerocheilus,Scalibregmatidae
Eupolymnia,,Eupolymnia,129693,accepted,129693.0,Eupolymnia,Animalia,Annelida,Polychaeta,Terebellida,Terebellidae,Eupolymnia,Terebellidae
Euonyx,,Euonyx,101606,accepted,101606.0,Euonyx,Animalia,Arthropoda,Malacostraca,Amphipoda,Uristidae,Euonyx,Uristidae
Nothria,,Nothria,129402,accepted,129402.0,Nothria,Animalia,Annelida,Polychaeta,Eunicida,Onuphidae,Nothria,Onuphidae
Muggoides,,Muggoides,325211,unaccepted,129179.0,Sosane,Animalia,Annelida,Polychaeta,Terebellida,Ampharetidae,Muggoides,Ampharetidae
Lepidopleurus,,Lepidopleurus,ambiguous,,,,,,,,,,Leptochitonidae
Pseudococculina,,Pseudococculina,391123,accepted,391123.0,Pseudococculina,Animalia,Mollusca,Gastropoda,Lepetellida,Pseudococculinidae,Pseudococculina,Pseudococculinidae
Microspio,,Microspio,129616,accepted,129616.0,Microspio,Animalia,Annelida,Polychaeta,Spionida,Spionidae,Microspio,Spionidae
Manaria,,Manaria,391157,accepted,391157.0,Manaria,Animalia,Mollusca,Gastropoda,Neogastropoda,Eosiphonidae,Manaria,Eosiphonidae
Amage,,Amage,129153,accepted,129153.0,Amage,Animalia,Annelida,Polychaeta,Terebellida,Ampharetidae,Amage,Ampharetidae
Pseudosetia,,Pseudosetia,138454,accepted,138454.0,Pseudosetia,Animalia,Mollusca,Gastropoda,Littorinimorpha,Rissoidae,Pseudosetia,Rissoidae
cf. Leptogyra,,cf. Leptogyra,,,,,,,,,,,Melanodrymiidae
Gnathia,,Gnathia,118437,accepted,118437.0,Gnathia,Animalia,Arthropoda,Malacostraca,Isopoda,Gnathiidae,Gnathia,Gnathiidae
Mesochra,,Mesochra,115241,accepted,115241.0,Mesochra,Animalia,Arthropoda,Copepoda,Harpacticoida,Canthocamptidae,Mesochra,Canthocamptidae
Nitocrella,,Nitocrella,150040,accepted,150040.0,Nitocrella,Animalia,Arthropoda,Copepoda,Harpacticoida,Ameiridae,Nitocrella,Ameiridae
Macellicephala,Polynoidae,Macellicephala,129498,accepted,129498.0,Macellicephala,Animalia,Annelida,Polychaeta,Phyllodocida,Polynoidae,Macellicephala,Polynoidae
Strepternos,,Strepternos,324810,accepted,324810.0,Strepternos,Animalia,Annelida,Polychaeta,Phyllodocida,Chrysopetalidae,Strepternos,Chrysopetalidae
Cyclopina,,Cyclopina,106437,accepted,106437.0,Cyclopina,Animalia,Arthropoda,Copepoda,Cyclopoida,Cyclopinidae,Cyclopina,Cyclopinidae
Chromadorita,,Chromadorita,2294,accepted,2294.0,Chromadorita,Animalia,Nematoda,Chromadorea,Chromadorida,Chromadoridae,Chromadorita,Chromadoridae
Carpoapseudes,,Carpoapseudes,136190,accepted,136190.0,Carpoapseudes,Animalia,Arthropoda,Malacostraca,Tanaidacea,Apseudidae,Carpoapseudes,Apseudidae
Amphiglena,,Amphiglena,129521,accepted,129521.0,Amphiglena,Animalia,Annelida,Polychaeta,Sabellida,Sabellidae,Amphiglena,Sabellidae
Salvatoria,,Salvatoria,195982,accepted,195982.0,Salvatoria,Animalia,Annelida,Polychaeta,Phyllodocida,Syllidae,Salvatoria,Syllidae
Spio,,Spio,ambiguous,,,,,,,,,,Spionidae
Anthura,,Anthura,118288,accepted,118288.0,Anthura,Animalia,Arthropoda,Malacostraca,Isopoda,Anthuridae,Anthura,Anthuridae
Caprella,,Caprella,ambiguous,,,,,,,,,,Caprellidae
Galatheidea,,Galatheidea,,,,,,,,,,,
Acoela,,Acoela,2847,accepted,2847.0,Acoela,Animalia,Xenacoelomorpha,,Acoela,,,
Paracentrotus,,Paracentrotus,123387,accepted,123387.0,Paracentrotus,Animalia,Echinodermata,Echinoidea,Camarodonta,Parechinidae,Paracentrotus,Parechinidae
Ferreiraella,,Ferreiraella,385540,accepted,385540.0,Ferreiraella,Animalia,Mollusca,Polyplacophora,Lepidopleurida,Ferreiraellidae,Ferreiraella,Ferreiraellidae
Rhombonemertes,Oerstediidae,Rhombonemertes,1776945,accepted,1776945.0,Rhombonemertes,Animalia,Nemertea,Hoplonemertea,Monostilifera,Oerstediidae,Rhombonemertes,Oerstediidae
Abditoconus,Xylophagaidae,Abditoconus,,,,,,,,,,,Xylophagaidae
Spiniapex,Xylophagaidae,Spiniapex,1338979,accepted,1338979.0,Spiniapex,Animalia,Mollusca,Bivalvia,Myida,Xylophagaidae,Spiniapex,Xylophagaidae
Bankia,Teredinidae,Bankia,138534,accepted,138534.0,Bankia,Animalia,Mollusca,Bivalvia,Myida,Teredinidae,Bankia,Teredinidae
Actiniaria,,Actiniaria,1360,accepted,1360.0,Actiniaria,Animalia,Cnidaria,Hexacorallia,Actiniaria,,,
Ophiambix,Ophioscolecidae,Ophiambix,123588,accepted,123588.0,Ophiambix,Animalia,Echinodermata,Ophiuroidea,Ophioscolecida,Abyssuridae,Ophiambix,Ophioscolecidae
Echinoidea,,Echinoidea,123082,accepted,123082.0,Echinoidea,Animalia,Echinodermata,Echinoidea,,,,
Cephalaspidea,,Cephalaspidea,154,accepted,154.0,Cephalaspidea,Animalia,Mollusca,Gastropoda,Cephalaspidea,,,
cf. Grassleia,Ampharetidae,,,,,,,,,,,,Ampharetidae
Spiochaetopterus,Chaetopteridae,Spiochaetopterus,129233,accepted,129233.0,Spiochaetopterus,Animalia,Annelida,Polychaeta,,Chaetopteridae,Spiochaetopterus,Chaetopteridae
Raphidrilus,Cirratulidae,Raphidrilus,324684,accepted,324684.0,Raphidrilus,Animalia,Annelida,Polychaeta,Terebellida,Cirratulidae,Raphidrilus,Cirratulidae
Bathykurila,Polynoidae,Bathykurila,324918,accepted,324918.0,Bathykurila,Animalia,Annelida,Polychaeta,Phyllodocida,Polynoidae,Bathykurila,Polynoidae
Bathyfauvelia,Polynoidae,Bathyfauvelia,129481,accepted,129481.0,Bathyfauvelia,Animalia,Annelida,Polychaeta,Phyllodocida,Polynoidae,Bathyfauvelia,Polynoidae
Sphaerodoropsis,Sphaerodoridae,Sphaerodoropsis,129601,accepted,129601.0,Sphaerodoropsis,Animalia,Annelida,Polychaeta,Phyllodocida,Sphaerodoridae,Sphaerodoropsis,Sphaerodoridae
Stephonyx,Uristidae,Stephonyx,101656,accepted,101656.0,Stephonyx,Animalia,Arthropoda,Malacostraca,Amphipoda,Uristidae,Stephonyx,Uristidae
Malletia,Malletiidae,Malletia,151906,accepted,151906.0,Malletia,Animalia,Mollusca,Bivalvia,Nuculanida,Malletiidae,Malletia,Malletiidae
Protolira,Skeneidae,Protolira,138505,accepted,138505.0,Protolira,Animalia,Mollusca,Gastropoda,Trochida,Skeneidae,Protolira,Skeneidae
Phascolosoma,Phascolosomatidae,Phascolosoma,136029,accepted,136029.0,Phascolosoma,Animalia,Annelida,,Sipuncula,Phascolosomatidae,Phascolosoma,Phascolosomatidae
Hyas,Oregoniidae,Hyas,106903,accepted,106903.0,Hyas,Animalia,Arthropoda,Malacostraca,Decapoda,Oregoniidae,Hyas,Oregoniidae
Brissopsis,Brissidae,Brissopsis,123418,accepted,123418.0,Brissopsis,Animalia,Echinodermata,Echinoidea,Spatangoida,Brissidae,Brissopsis,Brissidae
Spatangus,Spatangidae,Spatangus,123430,accepted,123430.0,Spatangus,Animalia,Echinodermata,Echinoidea,Spatangoida,Spatangidae,Spatangus,Spatangidae
Novocrania,Craniidae,Novocrania,235165,accepted,235165.0,Novocrania,Animalia,Brachiopoda,Craniata,Craniida,Craniidae,Novocrania,Craniidae
Alvania,Rissoidae,Alvania,ambiguous,,,,,,,,,,Rissoidae
Pusillina,Rissoidae,Pusillina,138455,accepted,138455.0,Pusillina,Animalia,Mollusca,Gastropoda,Littorinimorpha,Rissoidae,Pusillina,Rissoidae
Rissoa,Rissoidae,Rissoa,138456,accepted,138456.0,Rissoa,Animalia,Mollusca,Gastropoda,Littorinimorpha,Rissoidae,Rissoa,Rissoidae
Turritellinella,Turritellidae,Turritellinella,1381414,accepted,1381414.0,Turritellinella,Animalia,Mollusca,Gastropoda,Caenogastropoda incertae sedis,Turritellidae,Turritellinella,Turritellidae
Capulus,Capulidae,Capulus,137729,accepted,137729.0,Capulus,Animalia,Mollusca,Gastropoda,Littorinimorpha,Capulidae,Capulus,Capulidae
Cylichna,Cylichnidae,Cylichna,137867,accepted,137867.0,Cylichna,Animalia,Mollusca,Gastropoda,Cephalaspidea,Cylichnidae,Cylichna,Cylichnidae
Nucula,Nuculidae,Nucula,138262,accepted,138262.0,Nucula,Animalia,Mollusca,Bivalvia,Nuculida,Nuculidae,Nucula,Nuculidae
Ennucula,Nuculidae,Ennucula,138261,accepted,138261.0,Ennucula,Animalia,Mollusca,Bivalvia,Nuculida,Nuculidae,Ennucula,Nuculidae
Mytilus,Mytilidae,Mytilus,138228,accepted,138228.0,Mytilus,Animalia,Mollusca,Bivalvia,Mytilida,Mytilidae,Mytilus,Mytilidae
Musculus,Mytilidae,Musculus,ambiguous,,,,,,,,,,Mytilidae
Tellimya,Lasaeidae,Tellimya,146937,accepted,146937.0,Tellimya,Animalia,Mollusca,Bivalvia,Galeommatida,Lasaeidae,Tellimya,Lasaeidae
Papillicardium,Cardiidae,Papillicardium,181348,accepted,181348.0,Papillicardium,Animalia,Mollusca,Bivalvia,Cardiida,Cardiidae,Papillicardium,Cardiidae
Abra,Semelidae,Abra,138474,accepted,138474.0,Abra,Animalia,Mollusca,Bivalvia,Cardiida,Semelidae,Abra,Semelidae
Hiatella,Hiatellidae,Hiatella,ambiguous,,,,,,,,,,Hiatellidae
Cerapus,Ischyroceridae,Cerapus,101566,accepted,101566.0,Cerapus,Animalia,Arthropoda,Malacostraca,Amphipoda,Ischyroceridae,Cerapus,Ischyroceridae
Leucothoe,Leucothoidae,Leucothoe,101580,accepted,101580.0,Leucothoe,Animalia,Arthropoda,Malacostraca,Amphipoda,Leucothoidae,Leucothoe,Leucothoidae
Conicostoma,Lysianassidae,Conicostoma,510618,accepted,510618.0,Conicostoma,Animalia,Arthropoda,Malacostraca,Amphipoda,Conicostomatidae,Conicostoma,Lysianassidae
Eualus,Hippolytidae,Eualus,106986,accepted,106986.0,Eualus,Animalia,Arthropoda,Malacostraca,Decapoda,Thoridae,Eualus,Hippolytidae
Lebbeus,Hippolytidae,Lebbeus,106989,accepted,106989.0,Lebbeus,Animalia,Arthropoda,Malacostraca,Decapoda,Thoridae,Lebbeus,Hippolytidae
Arcturides,Arcturidae,Arcturides,248448,accepted,248448.0,Arcturides,Animalia,Arthropoda,Malacostraca,Isopoda,Arcturididae,Arcturides,Arcturidae
Polyechinus,Echinidae,Polyechinus,204308,accepted,204308.0,Polyechinus,Animalia,Echinodermata,Echinoidea,Camarodonta,Echinidae,Polyechinus,Echinidae
Parabolasia,Cerabratulidae,Parabolasia,,,,,,,,,,,Cerabratulidae
Lepetodrilus,Lepetodrillae,Lepetodrilus,180907,accepted,180907.0,Lepetodrilus,Animalia,Mollusca,Gastropoda,Lepetellida,Lepetodrilidae,Lepetodrilus,Lepetodrillae
Nematocarcinus,Nematocarcinidae,Nematocarcinus,107015,accepted,107015.0,Nematocarcinus,Animalia,Arthropoda,Malacostraca,Decapoda,Nematocarcinidae,Nematocarcinus,Nematocarcinidae
Ilyarachna,Munnopsidae,Ilyarachna,118354,accepted,118354.0,Ilyarachna,Animalia,Arthropoda,Malacostraca,Isopoda,Munnopsidae,Ilyarachna,Munnopsidae
Jaera,Janiridae,Jaera,118364,accepted,118364.0,Jaera,Animalia,Arthropoda,Malacostraca,Isopoda,Janiridae,Jaera,Janiridae
Sterechinus,Echinidae,Sterechinus,160756,accepted,160756.0,Sterechinus,Animalia,Echinodermata,Echinoidea,Camarodonta,Echinidae,Sterechinus,Echinidae
Dissostichus,Nothotheniidae,Dissostichus,234585,accepted,234585.0,Dissostichus,Animalia,Chordata,Teleostei,Perciformes,Nototheniidae,Dissostichus,Nothotheniidae
Tripoplax,Ischnochitonidae,Tripoplax,385554,accepted,385554.0,Tripoplax,Animalia,Mollusca,Polyplacophora,Chitonida,Ischnochitonidae,Tripoplax,Ischnochitonidae
Wallucina,,Wallucina,205773,accepted,205773.0,Wallucina,Animalia,Mollusca,Bivalvia,Lucinida,Lucinidae,Wallucina,Lucinidae
Homalopoma,,Homalopoma,138605,accepted,138605.0,Homalopoma,Animalia,Mollusca,Gastropoda,Trochida,Colloniidae,Homalopoma,Colloniidae
Gadilina,,Gadilina,343664,accepted,343664.0,Gadilina,Animalia,Mollusca,Scaphopoda,Dentaliida,Gadilinidae,Gadilina,Gadilinidae
Octopus,,Octopus,138268,accepted,138268.0,Octopus,Animalia,Mollusca,Cephalopoda,Octopoda,Octopodidae,Octopus,Octopodidae
Heteralepas,,Heteralepas,106095,accepted,106095.0,Heteralepas,Animalia,Arthropoda,Thecostraca,Scalpellomorpha,Heteralepadidae,Heteralepas,Heteralepadidae
Callianassa,,Callianassa,107072,accepted,107072.0,Callianassa,Animalia,Arthropoda,Malacostraca,Decapoda,Callianassidae,Callianassa,Callianassidae
Cestopagurus,,Cestopagurus,106851,accepted,106851.0,Cestopagurus,Animalia,Arthropoda,Malacostraca,Decapoda,Paguridae,Cestopagurus,Paguridae
Eumunida,,Eumunida,106831,accepted,106831.0,Eumunida,Animalia,Arthropoda,Malacostraca,Decapoda,Eumunididae,Eumunida,Eumunididae
Galathea,,Galathea,ambiguous,,,,,,,,,,Galatheidae
Munida,,Munida,106835,accepted,106835.0,Munida,Animalia,Arthropoda,Malacostraca,Decapoda,Munididae,Munida,Munididae
Ethusa,,Ethusa,106882,accepted,106882.0,Ethusa,Animalia,Arthropoda,Malacostraca,Decapoda,Ethusidae,Ethusa,Ethusidae
Pinnixa,,Pinnixa,158444,accepted,158444.0,Pinnixa,Animalia,Arthropoda,Malacostraca,Decapoda,Pinnotheridae,Pinnixa,Pinnotheridae
Edwardsia,,Edwardsia,ambiguous,,,,,,,,,,Edwardsiidae
Benthocodon,,Benthocodon,174738,accepted,174738.0,Benthocodon,Animalia,Cnidaria,Hydrozoa,Trachymedusae,Rhopalonematidae,Benthocodon,Rhopalonematidae
Graneledone,,Graneledone,157018,accepted,157018.0,Graneledone,Animalia,Mollusca,Cephalopoda,Octopoda,Megaleledonidae,Graneledone,Megaleledonidae
Buccinum,,Buccinum,137701,accepted,137701.0,Buccinum,Animalia,Mollusca,Gastropoda,Neogastropoda,Buccinidae,Buccinum,Buccinidae
Zoroaster,,Zoroaster,123237,accepted,123237.0,Zoroaster,Animalia,Echinodermata,Asteroidea,Forcipulatida,Zoroasteridae,Zoroaster,Zoroasteridae
Farrea,,Farrea,132107,accepted,132107.0,Farrea,Animalia,Porifera,Hexactinellida,Sceptrulophora,Farreidae,Farrea,Farreidae
Monoculodes,,Monoculodes,101694,accepted,101694.0,Monoculodes,Animalia,Arthropoda,Malacostraca,Amphipoda,Oedicerotidae,Monoculodes,Oedicerotidae
Cumella,,Cumella,ambiguous,,,,,,,,,,Nannastacidae
Paraophryotrocha,,Paraophryotrocha,324698,accepted,324698.0,Parophryotrocha,Animalia,Annelida,Polychaeta,Eunicida,Dorvilleidae,Parophryotrocha,Dorvilleidae
Eurysyllis,,Eurysyllis,129652,accepted,129652.0,Eurysyllis,Animalia,Annelida,Polychaeta,Phyllodocida,Syllidae,Eurysyllis,Syllidae
Exogon,,Exogon,,,,,,,,,,,Syllidae
Pionosyllis,,Pionosyllis,129669,accepted,129669.0,Pionosyllis,Animalia,Annelida,Polychaeta,Phyllodocida,Syllidae,Pionosyllis,Syllidae
Palpiphitime,,Palpiphitime,129267,unaccepted,129266.0,Ophryotrocha,Animalia,Annelida,Polychaeta,Eunicida,Dorvilleidae,Palpiphitime,Dorvilleidae
Subadyte mexicana,,Subadyte mexicana,332366,accepted,332366.0,Subadyte mexicana,Animalia,Annelida,Polychaeta,Phyllodocida,Polynoidae,Subadyte,Polynoidae
Zepellenia,,Zepellenia,129256,nomen dubium,129256.0,Zeppelina,Animalia,Annelida,Polychaeta,Terebellida,Ctenodrilidae,Zeppelina,Ctenodrilidae
Hesiospina,,Hesiospina,129310,accepted,129310.0,Hesiospina,Animalia,Annelida,Polychaeta,Phyllodocida,Hesionidae,Hesiospina,Hesionidae
Paraonides,,Paraonides,129434,accepted,129434.0,Paraonides,Animalia,Annelida,Polychaeta,,Paraonidae,Paraonides,Paraonidae
Anguillosyllis,,Anguillosyllis,325027,accepted,325027.0,Anguillosyllis,Animalia,Annelida,Polychaeta,Phyllodocida,Syllidae,Anguillosyllis,Syllidae
Solemya,,Solemya,138514,accepted,138514.0,Solemya,Animalia,Mollusca,Bivalvia,Solemyida,Solemyidae,Solemya,Solemyidae
Cyclopecten,,Cyclopecten,138317,accepted,138317.0,Cyclopecten,Animalia,Mollusca,Bivalvia,Pectinida,Propeamussiidae,Cyclopecten,Propeamussiidae
Neoleptopsis,,Neoleptopsis,,,,,,,,,,,Neolepetopsidae
Microphthalamus,,Microphthalamus,,,,,,,,,,,Microphthalmidae
Gorgonocephalan,,Gorgonocephalan,,,,,,,,,,,
Fecampia,,Fecampia,142278,accepted,142278.0,Fecampia,Animalia,Platyhelminthes,,Fecampiida,Fecampiidae,Fecampia,Fecampiidae
Paleanotus,,Paleanotus,129238,accepted,129238.0,Paleanotus,Animalia,Annelida,Polychaeta,Phyllodocida,Chrysopetalidae,Paleanotus,Chrysopetalidae
Thelepus,,Thelepus,129714,accepted,129714.0,Thelepus,Animalia,Annelida,Polychaeta,Terebellida,Terebellidae,Thelepus,Terebellidae
Kurchatovus,,Kurchatovus,264914,accepted,264914.0,Kurchatovus,Animalia,Annelida,Polychaeta,Echiuroidea,Bonelliidae,Kurchatovus,Bonelliidae
Arcoscalpellum,,Arcoscalpellum,106103,accepted,106103.0,Arcoscalpellum,Animalia,Arthropoda,Thecostraca,Scalpellomorpha,Scalpellidae,Arcoscalpellum,Scalpellidae
Marginaster,,Marginaster,123319,accepted,123319.0,Marginaster,Animalia,Echinodermata,Asteroidea,Valvatida,Poraniidae,Marginaster,Poraniidae
Hyalinoecia,,Hyalinoecia,129400,accepted,129400.0,Hyalinoecia,Animalia,Annelida,Polychaeta,Eunicida,Onuphidae,Hyalinoecia,Onuphidae
Paradoxostoma,,Paradoxostoma,127662,accepted,127662.0,Paradoxostoma,Animalia,Arthropoda,Ostracoda,Podocopida,Paradoxostomatidae,Paradoxostoma,Paradoxostomatidae
Idasola,,Idasola,153022,unaccepted,138219.0,Idas,Animalia,Mollusca,Bivalvia,Mytilida,Modiolidae,Idasola,Modiolidae
Ischyrocerini,,Ischyrocerini,491676,accepted,491676.0,Ischyrocerini,Animalia,Arthropoda,Malacostraca,Amphipoda,Ischyroceridae,,Ischyroceridae
Anticoma,,Anticoma,2500,accepted,2500.0,Anticoma,Animalia,Nematoda,Enoplea,Enoplida,Anticomidae,Anticoma,Anticomidae
Oncholaimus,,Oncholaimus,2573,accepted,2573.0,Oncholaimus,Animalia,Nematoda,Enoplea,Enoplida,Oncholaimidae,Oncholaimus,Oncholaimidae
Endelophos,,Endelophos,,,,,,,,,,,Chromadoridae
Neonesidea,,Neonesidea,127568,accepted,127568.0,Neonesidea,Animalia,Arthropoda,Ostracoda,Podocopida,Bairdiidae,Neonesidea,Bairdiidae
Metaceradocoides,,Metaceradocoides,531346,accepted,531346.0,Metaceradocoides,Animalia,Arthropoda,Malacostraca,Amphipoda,Maeridae,Metaceradocoides,Maeridae
Acremodonta,,Acremodonta,594673,accepted,594673.0,Acremodonta,Animalia,Mollusca,Gastropoda,Seguenziida,Trochaclididae,Acremodonta,Trochaclididae
Nicolea,,Nicolea,129703,accepted,129703.0,Nicolea,Animalia,Annelida,Polychaeta,Terebellida,Terebellidae,Nicolea,Terebellidae
Dorhynchus,,Dorhynchus,106899,accepted,106899.0,Dorhynchus,Animalia,Arthropoda,Malacostraca,Decapoda,Inachidae,Dorhynchus,Inachidae
Thysanometra,,Thysanometra,563894,accepted,563894.0,Thysanometra,Animalia,Echinodermata,Crinoidea,Comatulida,Antedonidae,Thysanometra,Antedonidae
Octobranchus,,Octobranchus,129716,accepted,129716.0,Octobranchus,Animalia,Annelida,Polychaeta,Terebellida,Trichobranchidae,Octobranchus,Trichobranchidae
Perissasterias,,Perissasterias,178800,accepted,178800.0,Perissasterias,Animalia,Echinodermata,Asteroidea,Forcipulatida,Asteriidae,Perissasterias,Asteriidae
Ophioscolex,,Ophioscolex,123633,accepted,123633.0,Ophioscolex,Animalia,Echinodermata,Ophiuroidea,Ophioscolecida,Ophioscolecidae,Ophioscolex,Ophioscolecidae
Stenosemus,,Stenosemus,152686,accepted,152686.0,Stenosemus,Animalia,Mollusca,Polyplacophora,Chitonida,Stenosemusidae,Stenosemus,Stenosemusidae
Eosipho,,Eosipho,415347,accepted,415347.0,Eosipho,Animalia,Mollusca,Gastropoda,Neogastropoda,Eosiphonidae,Eosipho,Eosiphonidae
Metula,,Metula,225377,accepted,225377.0,Metula,Animalia,Mollusca,Gastropoda,Neogastropoda,Colubrariidae,Metula,Colubrariidae
Coeloteredo,,Coeloteredo,531282,unaccepted,138539.0,Teredo,Animalia,Mollusca,Bivalvia,Myida,Teredinidae,Coeloteredo,Teredinidae
Clytia,,Clytia,ambiguous,,,,,,,,,,Campanulariidae
Siboglinum,,Siboglinum,129103,accepted,129103.0,Siboglinum,Animalia,Annelida,Polychaeta,Sabellida,Siboglinidae,Siboglinum,Siboglinidae
cf. Obtusella,,cf. Obtusella,,,,,,,,,,,Rissoidae
Lissospira,,Lissospira,182917,accepted,182917.0,Lissospira,Animalia,Mollusca,Gastropoda,Trochida,Skeneidae,Lissospira,Skeneidae
Kelliella,,Kelliella,138093,accepted,138093.0,Kelliella,Animalia,Mollusca,Bivalvia,Venerida,Kelliellidae,Kelliella,Kelliellidae
Harpinia,,Harpinia,101716,accepted,101716.0,Harpinia,Animalia,Arthropoda,Malacostraca,Amphipoda,Phoxocephalidae,Harpinia,Phoxocephalidae
Chelator,,Chelator,118317,accepted,118317.0,Chelator,Animalia,Arthropoda,Malacostraca,Isopoda,Desmosomatidae,Chelator,Desmosomatidae
Prochelator,,Prochelator,118328,accepted,118328.0,Prochelator,Animalia,Arthropoda,Malacostraca,Isopoda,Desmosomatidae,Prochelator,Desmosomatidae
Terebellides,,Terebellides,129717,accepted,129717.0,Terebellides,Animalia,Annelida,Polychaeta,Terebellida,Trichobranchidae,Terebellides,Trichobranchidae
cf. Spiochaetopterus,,cf. Spiochaetopterus,,,,,,,,,,,Chaetopteridae
Xylora,,Xylora,150026,accepted,150026.0,Xylora,Animalia,Arthropoda,Copepoda,Harpacticoida,Pseudotachidiidae,Xylora,Pseudotachidiidae
Laophontodes,,Laophontodes,115218,accepted,115218.0,Laophontodes,Animalia,Arthropoda,Copepoda,Harpacticoida,Ancorabolidae,Laophontodes,Ancorabolidae
Calypsophontodes,,Calypsophontodes,596350,accepted,596350.0,Calypsophontodes,Animalia,Arthropoda,Copepoda,Harpacticoida,Ancorabolidae,Calypsophontodes,Ancorabolidae
cf. Fultonia,,cf. Fultonia,,,,,,,,,,,Argestidae
cf. Xyloredo,,cf. Xyloredo,,,,,,,,,,,Xylophagaidae
cf. Caymanostella,,cf. Caymanostella,,,,,,,,,,,Caymanostellidae
Retrocalcar sp.,,Retrocalcar sp.,,,,,,,,,,,Cletopsyllidae
Ambilimbus,,Ambilimbus,346730,accepted,346730.0,Ambilimbus,Animalia,Arthropoda,Copepoda,Cyclopoida,Erebonasteridae,Ambilimbus,Erebonasteridae
Aponema,,Aponema,2363,accepted,2363.0,Aponema,Animalia,Nematoda,Chromadorea,Desmodorida,Microlaimidae,Aponema,Microlaimidae
Calomicrolaimus,,Calomicrolaimus,153207,accepted,153207.0,Calomicrolaimus,Animalia,Nematoda,Chromadorea,Desmodorida,Microlaimidae,Calomicrolaimus,Microlaimidae
Halomonhystera,,Halomonhystera,458883,accepted,458883.0,Halomonhystera,Animalia,Nematoda,Chromadorea,Monhysterida,Monhysteridae,Halomonhystera,Monhysteridae
Lepidonotopodium,,Lepidonotopodium,182913,accepted,182913.0,Lepidonotopodium,Animalia,Annelida,Polychaeta,Phyllodocida,Polynoidae,Lepidonotopodium,Polynoidae
Archinome,,Archinome,324642,accepted,324642.0,Archinome,Animalia,Annelida,Polychaeta,Amphinomida,Amphinomidae,Archinome,Amphinomidae
Mesochra sp.,,Mesochra sp.,,,,,,,,,,,Canthocamptidae
Bonnierella,,Bonnierella,101565,accepted,101565.0,Bonnierella,Animalia,Arthropoda,Malacostraca,Amphipoda,Ischyroceridae,Bonnierella,Ischyroceridae
cf. Storthyngura,,cf. Storthyngura,,,,,,,,,,,Munnopsidae
Phymorhynchus,,Phymorhynchus,137827,accepted,137827.0,Phymorhynchus,Animalia,Mollusca,Gastropoda,Neogastropoda,Raphitomidae,Phymorhynchus,Raphitomidae
Desmoscolex,,Desmoscolex,2369,accepted,2369.0,Desmoscolex,Animalia,Nematoda,Chromadorea,Desmoscolecida,Desmoscolecidae,Desmoscolex,Desmoscolecidae
Sosane,,Sosane,129179,accepted,129179.0,Sosane,Animalia,Annelida,Polychaeta,Terebellida,Ampharetidae,Sosane,Ampharetidae
Proceraea,,Proceraea,129671,accepted,129671.0,Proceraea,Animalia,Annelida,Polychaeta,Phyllodocida,Syllidae,Proceraea,Syllidae
Laeviphitus,,Laeviphitus,137922,accepted,137922.0,Laeviphitus,Animalia,Mollusca,Gastropoda,Littorinimorpha,Elachisinidae,Laeviphitus,Elachisinidae
Ephesiella,,Ephesiella,129598,unaccepted,129602.0,Sphaerodorum,Animalia,Annelida,Polychaeta,Phyllodocida,Sphaerodoridae,Ephesiella,Sphaerodoridae
Aponuphis,,Aponuphis,129397,accepted,129397.0,Aponuphis,Animalia,Annelida,Polychaeta,Eunicida,Onuphidae,Aponuphis,Onuphidae
Cirriformia,,Cirriformia,129245,accepted,129245.0,Cirriformia,Animalia,Annelida,Polychaeta,Terebellida,Cirratulidae,Cirriformia,Cirratulidae
Eulalia,,Eulalia,129445,accepted,129445.0,Eulalia,Animalia,Annelida,Polychaeta,Phyllodocida,Phyllodocidae,Eulalia,Phyllodocidae
Eusyllinae,,Eusyllinae,152233,accepted,152233.0,Eusyllinae,Animalia,Annelida,Polychaeta,Phyllodocida,Syllidae,,Syllidae
Genetyllis,,Genetyllis,129447,unaccepted,129451.0,Nereiphylla,Animalia,Annelida,Polychaeta,Phyllodocida,Phyllodocidae,Genetyllis,Phyllodocidae
Hesione,,Hesione,129308,accepted,129308.0,Hesione,Animalia,Annelida,Polychaeta,Phyllodocida,Hesionidae,Hesione,Hesionidae
Lysidice,,Lysidice,129280,accepted,129280.0,Lysidice,Animalia,Annelida,Polychaeta,Eunicida,Eunicidae,Lysidice,Eunicidae
Malmgreniella,,Malmgreniella,129499,accepted,129499.0,Malmgreniella,Animalia,Annelida,Polychaeta,Phyllodocida,Polynoidae,Malmgreniella,Polynoidae
Myrianida,,Myrianida,129659,accepted,129659.0,Myrianida,Animalia,Annelida,Polychaeta,Phyllodocida,Syllidae,Myrianida,Syllidae
Pista,,Pista,129708,accepted,129708.0,Pista,Animalia,Annelida,Polychaeta,Terebellida,Terebellidae,Pista,Terebellidae
Plakosyllis,,Plakosyllis,129670,accepted,129670.0,Plakosyllis,Animalia,Annelida,Polychaeta,Phyllodocida,Syllidae,Plakosyllis,Syllidae
Polydora,,Polydora,ambiguous,,,,,,,,,,Spionidae
Schistomeringos,,Schistomeringos,129274,accepted,129274.0,Schistomeringos,Animalia,Annelida,Polychaeta,Eunicida,Dorvilleidae,Schistomeringos,Dorvilleidae
Serpula,,Serpula,129580,accepted,129580.0,Serpula,Animalia,Annelida,Polychaeta,Sabellida,Serpulidae,Serpula,Serpulidae
Syllides,,Syllides,129679,accepted,129679.0,Syllides,Animalia,Annelida,Polychaeta,Phyllodocida,Syllidae,Syllides,Syllidae
Diogenes,,Diogenes,ambiguous,,,,,,,,,,Diogenidae
Cuthona,,Cuthona,138543,accepted,138543.0,Cuthona,Animalia,Mollusca,Gastropoda,Nudibranchia,Cuthonidae,Cuthona,Cuthonidae
Doto,,Doto,ambiguous,,,,,,,,,,Dotidae
Gasteropoda,,Gasteropoda,,,,,,,,,,,
Tritonia,,Tritonia,138580,accepted,138580.0,Tritonia,Animalia,Mollusca,Gastropoda,Nudibranchia,Tritoniidae,Tritonia,Tritoniidae
Cephalothrix,,Cephalothrix,ambiguous,,,,,,,,,,Cephalotrichidae
Leucocephalonemertes,,Leucocephalonemertes,122349,accepted,122349.0,Leucocephalonemertes,Animalia,Nemertea,Pilidiophora,Heteronemertea,Lineidae,Leucocephalonemertes,Lineidae
Crinitostella,,Crinitostella,1517990,junior subjective synonym,177889.0,Caymanostella,Animalia,Echinodermata,Asteroidea,Velatida,Caymanostellidae,Crinitostella,Caymanostellidae
Leptogyropsis,,Leptogyropsis,598371,accepted,598371.0,Leptogyropsis,Animalia,Mollusca,Gastropoda,Neomphalida,Melanodrymiidae,Leptogyropsis,Melanodrymiidae
Bayerius,,Bayerius,456374,accepted,456374.0,Bayerius,Animalia,Mollusca,Gastropoda,Neogastropoda,Buccinidae,Bayerius,Buccinidae
Pandalopsis,,Pandalopsis,246374,junior subjective synonym,107044.0,Pandalus,Animalia,Arthropoda,Malacostraca,Decapoda,Pandalidae,Pandalopsis,Pandalidae
Chionoecetis,,Chionoecetis,106898,accepted,106898.0,Chionoecetes,Animalia,Arthropoda,Malacostraca,Decapoda,Oregoniidae,Chionoecetes,Oregoniidae
Amphipoda,,Amphipoda,1135,accepted,1135.0,Amphipoda,Animalia,Arthropoda,Malacostraca,Amphipoda,,,
Coryphaenoides,,Coryphaenoides,125748,accepted,125748.0,Coryphaenoides,Animalia,Chordata,Teleostei,Gadiformes,Macrouridae,Coryphaenoides,Macrouridae
Sebastolobus,,Sebastolobus,270859,accepted,270859.0,Sebastolobus,Animalia,Chordata,Teleostei,Perciformes,Sebastidae,Sebastolobus,Sebastidae
Psychrolutes,,Psychrolutes,126169,accepted,126169.0,Psychrolutes,Animalia,Chordata,Teleostei,Perciformes,Psychrolutidae,Psychrolutes,Psychrolutidae
Umbellula,,Umbellula,ambiguous,,,,,,,,,,Umbellulidae
Halipteris,,Halipteris,128491,unaccepted,146534.0,Balticina,Animalia,Cnidaria,Octocorallia,Scleralcyonacea,Halipteridae,Halipteris,Halipteridae
Bathypathes,,Bathypathes,103304,accepted,103304.0,Bathypathes,Animalia,Cnidaria,Hexacorallia,Antipatharia,Schizopathidae,Bathypathes,Schizopathidae
Boudemos,,Boudemos,1306975,accepted,1306975.0,Boudemos,Animalia,Annelida,Polychaeta,Phyllodocida,Chrysopetalidae,Boudemos,Chrysopetalidae
Orbiniella,,Orbiniella,173951,accepted,173951.0,Orbiniella,Animalia,Annelida,Polychaeta,,Orbiniidae,Orbiniella,Orbiniidae
Erinaceusyllis,Syllidae,Erinaceusyllis,195949,accepted,195949.0,Erinaceusyllis,Animalia,Annelida,Polychaeta,Phyllodocida,Syllidae,Erinaceusyllis,Syllidae
Pericelis,Diposthidae,Pericelis,415793,accepted,415793.0,Pericelis,Animalia,Platyhelminthes,,Polycladida,Pericelidae,Pericelis,Diposthidae
Ophioscolecidae,,Ophioscolecidae,1075312,accepted,1075312.0,Ophioscolecidae,Animalia,Echinodermata,Ophiuroidea,Ophioscolecida,Ophioscolecidae,,Ophioscolecidae
Silax,Amphiuridae,Silax,123618,accepted,123618.0,Silax,Animalia,Echinodermata,Ophiuroidea,Amphilepidida,Amphiuridae,Silax,Amphiuridae
Caprellidae,,Caprellidae,101361,accepted,101361.0,Caprellidae,Animalia,Arthropoda,Malacostraca,Amphipoda,Caprellidae,,Caprellidae
Lysianassidae,,Lysianassidae,101395,accepted,101395.0,Lysianassidae,Animalia,Arthropoda,Malacostraca,Amphipoda,Lysianassidae,,Lysianassidae
Abyssogena,,Abyssogena,464294,accepted,464294.0,Abyssogena,Animalia,Mollusca,Bivalvia,Venerida,Vesicomyidae,Abyssogena,Vesicomyidae
Eunoe,,Eunoe,129487,accepted,129487.0,Eunoe,Animalia,Annelida,Polychaeta,Phyllodocida,Polynoidae,Eunoe,Polynoidae
Lucinoma,,Lucinoma,138149,accepted,138149.0,Lucinoma,Animalia,Mollusca,Bivalvia,Lucinida,Lucinidae,Lucinoma,Lucinidae
Acesta,,Acesta,ambiguous,,,,,,,,,,Limidae
Fusitriton,,Fusitriton,390535,accepted,390535.0,Fusitriton,Animalia,Mollusca,Gastropoda,Littorinimorpha,Cymatiidae,Fusitriton,Cymatiidae
Protobranchia,,Protobranchia,106,accepted,106.0,Protobranchia,Animalia,Mollusca,Bivalvia,,,,
Scaphopoda,,Scaphopoda,104,accepted,104.0,Scaphopoda,Animalia,Mollusca,Scaphopoda,,,,
Bryozoa,,Bryozoa,146142,accepted,146142.0,Bryozoa,Animalia,Bryozoa,,,,,
Brachiopoda,,Brachiopoda,1803,accepted,1803.0,Brachiopoda,Animalia,Brachiopoda,,,,,
Scleractinia,,Scleractinia,1363,accepted,1363.0,Scleractinia,Animalia,Cnidaria,Hexacorallia,Scleractinia,,,
Pyrgo,,Pyrgo,112037,accepted,112037.0,Pyrgo,Chromista,Foraminifera,Tubothalamea,Miliolida,Hauerinidae,Pyrgo,Hauerinidae
Pteropoda,,Pteropoda,325345,accepted,325345.0,Pteropoda,Animalia,Mollusca,Gastropoda,Pteropoda,,,
Janthina,,Janthina,138092,accepted,138092.0,Janthina,Animalia,Mollusca,Gastropoda,Caenogastropoda incertae sedis,Epitoniidae,Janthina,Epitoniidae
Acharax,,Acharax,293237,accepted,293237.0,Acharax,Animalia,Mollusca,Bivalvia,Solemyida,Solemyidae,Acharax,Solemyidae
Hyalogyra,,Hyalogyra,138075,accepted,138075.0,Hyalogyra,Animalia,Mollusca,Gastropoda,,Hyalogyrinidae,Hyalogyra,Hyalogyrinidae
Crinoid,,Crinoid,,,,,,,,,,,
Ophiacantha,,Ophiacantha,123587,accepted,123587.0,Ophiacantha,Animalia,Echinodermata,Ophiuroidea,Ophiacanthida,Ophiacanthidae,Ophiacantha,Ophiacanthidae
Amphiura,,Amphiura,123613,accepted,123613.0,Amphiura,Animalia,Echinodermata,Ophiuroidea,Amphilepidida,Amphiuridae,Amphiura,Amphiuridae
Adontorhina,,Adontorhina,345772,accepted,345772.0,Adontorhina,Animalia,Mollusca,Bivalvia,Lucinida,Thyasiridae,Adontorhina,Thyasiridae
Bathyacra,,Bathyacra,,,,,,,,,,,
Nereididae,,Nereididae,22496,accepted,22496.0,Nereididae,Animalia,Annelida,Polychaeta,Phyllodocida,Nereididae,,Nereididae
Euclymeninae,,Euclymeninae,152232,accepted,152232.0,Euclymeninae,Animalia,Annelida,Polychaeta,,Maldanidae,,Maldanidae
Capitellidae,,Capitellidae,921,accepted,921.0,Capitellidae,Animalia,Annelida,Polychaeta,,Capitellidae,,Capitellidae
Opheliidae,,Opheliidae,924,accepted,924.0,Opheliidae,Animalia,Annelida,Polychaeta,,Opheliidae,,Opheliidae
Protonais,,Protonais,246998,accepted,246998.0,Protanais,Animalia,Arthropoda,Malacostraca,Tanaidacea,Tanaididae,Protanais,Tanaididae
Paraonesimoides,,Paraonesimoides,428554,accepted,428554.0,Paronesimoides,Animalia,Arthropoda,Malacostraca,Amphipoda,Tryphosidae,Paronesimoides,Tryphosidae
Abyssochrysos,Abyssochrysidae,Abyssochrysos,345310,accepted,345310,Abyssochrysos,Animalia,Mollusca,Gastropoda,Caenogastropoda incertae sedis,Abyssochrysidae,Abyssochrysos,Abyssochrysidae
Alvinocaris,Alvinocarididae,Alvinocaris,378084,accepted,378084,Alvinocaris,Animalia,Arthropoda,Malacostraca,Decapoda,Alvinocarididae,Alvinocaris,Alvinocarididae
Apseudomorpha,Metapseudidae,Apseudomorpha,136150,accepted,136150,Apseudomorpha,Animalia,Arthropoda,Malacostraca,Tanaidacea,,,Metapseudidae
Cryptonome,Amphinomidae,Cryptonome,597788,accepted,597788,Cryptonome,Animalia,Annelida,Polychaeta,Amphinomida,Amphinomidae,Cryptonome,Amphinomidae
Lusitanops,Raphitomidae,Lusitanops,137819,accepted,137819,Lusitanops,Animalia,Mollusca,Gastropoda,Neogastropoda,Raphitomidae,Lusitanops,Raphitomidae
Sophrosyne,Sophrosynidae,Sophrosyne,101655,accepted,101655,Sophrosyne,Animalia,Arthropoda,Malacostraca,Amphipoda,Sophrosynidae,Sophrosyne,Sophrosynidae
Xylophoga,Xylophagaidae,Xylophaga,138667,accepted,138667,Xylophaga,Animalia,Mollusca,Bivalvia,Myida,Xylophagaidae,Xylophaga,Xylophagaidae
Papuadocus,Maeridae,Papuadocus,,,,,,,,,,,Maeridae
Lithodes,Lithodidae,Lithodes,,,,,,,,,,,Lithodidae
Ceradocus,Maeridae,Ceradocus,,,,,,,,,,,Maeridae
Decamastus,Capitellidae,Decamastus,,,,,,,,,,,Capitellidae
Melita,Gammaridae,Melita,,,,,,,,,,,Gammaridae
Onesimoides,Lysianassidae,Onesimoides,,,,,,,,,,,Lysianassidae
Aldrovandia,,,,,,,,,,,,,
Amphitrite,,,,,,,,,,,,,
Apristurus,,,,,,,,,,,,,
Careproctus,,,,,,,,,,,,,
Coryphopterus,,,,,,,,,,,,,
Eptatretus,,,,,,,,,,,,,
Gammarid,,,,,,,,,,,,,
Hydrolagus,,,,,,,,,,,,,
Lycenchelys,,,,,,,,,,,,,
Lycodapus,,,,,,,,,,,,,
Lycodes,,,,,,,,,,,,,
Melanostigma,,,,,,,,,,,,,
Ophiuroidea,,,,,,,,,,,,,
Pachycara,,,,,,,,,,,,,
Paelopadites,,,,,,,,,,,,,
Sebastes,,,,,,,,,,,,,
Somniosus,,,,,,,,,,,,,
Spectrunculus,,,,,,,,,,,,,
Squalus,,,,,,,,,,,,,
Actiniaria morphospecies 1,,,,,,,,,,,,,
Actiniaria morphospecies 2,,,,,,,,,,,,,
Actiniaria morphospecies 3,,,,,,,,,,,,,
Actiniaria morphospecies 4,,,,,,,,,,,,,
Actiniidae,,,,,,,,,,,,,
Anthoathecata,,,,,,,,,,,,,
Antipatharia,,,,,,,,,,,,,
Porifera morphospecies 1,,,,,,,,,,,,,
Porifera morphospecies 2,,,,,,,,,,,,,
Sipuncula,,,,,,,,,,,,,
Spionidae,,,,,,,,,,,,,
Paramphinome,Amphinomidae,Paramphinome,,,,,Animalia,Annelida,Polychaeta,Amphinomida,Amphinomidae,Paramphinome,Amphinomidae
Eumida,Phyllodocidae,Eumida,,,,,Animalia,Annelida,Polychaeta,Phyllodocida,Phyllodocidae,Eumida,Phyllodocidae
Pseudomystides,Phyllodocidae,Pseudomystides,,,,,Animalia,Annelida,Polychaeta,Phyllodocida,Phyllodocidae,Pseudomystides,Phyllodocidae
